DateTime,global_active_power,global_reactive_power,sub_metering_1,sub_metering_2,sub_metering_3,sub_metering_remainder,voltage,global_intensity,rr,nbjrr1,nbjrr5,nbjrr10,nbjbrou
2006/12/16,1209.176,34.922,0,546,4926,14680.934,236.24376,13.082828,6.375,9.333,5.667,2.167,0.167
2006/12/17,3390.46,226.006,2033,4187,13341,36946.668,240.08702,9.999027,6.375,9.333,5.667,2.167,0.167
2006/12/18,2203.826,161.792,1063,2621,14018,19028.434,241.23169,6.4216666,6.375,9.333,5.667,2.167,0.167
2006/12/19,1666.194,150.942,839,7602,6197,13131.9,241.9993,4.9263887,6.375,9.333,5.667,2.167,0.167
2006/12/20,2225.748,160.998,0,2648,14063,20384.8,242.30807,6.467361,6.375,9.333,5.667,2.167,0.167
2006/12/21,1716.624,144.166,1765,2623,10421,13801.4,241.04056,5.033797,6.375,9.333,5.667,2.167,0.167
2006/12/22,2341.338,186.906,3151,350,11131,24390.3,241.18456,6.8729167,6.375,9.333,5.667,2.167,0.167
2006/12/23,4773.386,221.47,2669,425,14726,61736.434,240.13606,14.028056,6.375,9.333,5.667,2.167,0.167
2006/12/24,2550.012,149.9,1703,5082,6891,28824.2,241.68744,7.6404166,6.375,9.333,5.667,2.167,0.167
2006/12/25,2743.12,240.28,6620,1962,5795,31341.666,243.39993,7.951528,6.375,9.333,5.667,2.167,0.167
2006/12/26,3934.11,165.102,1086,2533,14979,46970.5,241.62543,11.347917,6.375,9.333,5.667,2.167,0.167
2006/12/27,1528.76,178.90201,0,314,6976,18189.334,243.76736,4.5175,6.375,9.333,5.667,2.167,0.167
2006/12/28,2072.638,208.876,2207,4419,9176,18741.967,243.26834,6.0862503,6.375,9.333,5.667,2.167,0.167
2006/12/29,3174.392,196.394,1252,5162,11329,35163.535,240.8713,9.271389,6.375,9.333,5.667,2.167,0.167
2006/12/30,2789.302,311.928,3072,7891,12480,23045.367,240.54068,8.292212,6.375,9.333,5.667,2.167,0.167
2006/12/31,3494.196,150.852,0,347,6502,51387.6,239.89658,10.199584,6.375,9.333,5.667,2.167,0.167
2007/1/1,2749.004,148.166,0,352,5880,39584.734,240.12897,7.9169445,2.836,10.2,0.6,0,0
2007/1/2,1269.236,190.342,0,348,6562,14243.934,241.94377,3.714028,2.836,10.2,0.6,0,0
2007/1/3,1014.054,196.728,0,344,4765,11791.9,243.5571,3.0140278,2.836,10.2,0.6,0,0
2007/1/4,3259.412,202.302,1051,7597,10896,34779.535,239.7503,9.478194,2.836,10.2,0.6,0,0
2007/1/5,2713.364,173.154,1483,379,7602,35758.734,240.49577,7.8851385,2.836,10.2,0.6,0,0
2007/1/6,1508.378,192.188,1336,402,5678,17723.633,239.67305,4.543889,2.836,10.2,0.6,0,0
2007/1/7,2447.62,246.074,1987,8177,12810,17819.666,240.9025,7.282639,2.836,10.2,0.6,0,0
2007/1/8,2241.36,207.568,0,467,17547,19342,239.57695,6.5516667,2.836,10.2,0.6,0,0
2007/1/9,1869.054,207.248,1688,4267,9790,15405.9,240.48752,5.521111,2.836,10.2,0.6,0,0
2007/1/10,2154.8,228.452,771,4456,11012,19674.334,241.02745,6.357778,2.836,10.2,0.6,0,0
2007/1/11,2255.194,230.02,1378,2170,12415,21623.566,241.15569,6.6583333,2.836,10.2,0.6,0,0
2007/1/12,1461.296,199.14,0,439,8276,15639.934,241.53822,4.309167,2.836,10.2,0.6,0,0
2007/1/13,3186.814,290.736,7806,2975,11341,30991.566,239.28362,9.453055,2.836,10.2,0.6,0,0
2007/1/14,3007.816,227.12,1777,4215,12975,31163.268,238.82184,8.968311,2.836,10.2,0.6,0,0
2007/1/15,2148.678,174.86,1099,2239,15163,17310.3,241.2409,6.2615275,2.836,10.2,0.6,0,0
2007/1/16,1686.404,185.428,2063,644,6583,18816.732,241.94475,4.975972,2.836,10.2,0.6,0,0
2007/1/17,2847.688,200.752,3500,5737,16064,22160.467,241.00525,8.283889,2.836,10.2,0.6,0,0
2007/1/18,1821.462,177.712,0,336,13491,16530.7,240.8936,5.3425,2.836,10.2,0.6,0,0
2007/1/19,1480.44,170.052,2103,330,7172,15069,240.16093,4.37625,2.836,10.2,0.6,0,0
2007/1/20,3133.732,238.362,4324,5222,11440,31242.867,238.86746,9.348056,2.836,10.2,0.6,0,0
2007/1/21,3407.262,229.73601,10346,5567,11599,29275.7,238.96812,10.190694,2.836,10.2,0.6,0,0
2007/1/22,2180.494,168.642,1054,2983,11361,20943.566,241.60312,6.3552775,2.836,10.2,0.6,0,0
2007/1/23,1777.64,138.28,0,1064,5061,23502.334,242.76256,5.2608333,2.836,10.2,0.6,0,0
2007/1/24,2987.854,178.06,3464,2480,11744,32109.566,241.4577,8.733611,2.836,10.2,0.6,0,0
2007/1/25,1596.344,144.16,1158,262,11239,13946.733,243.42438,4.629306,2.836,10.2,0.6,0,0
2007/1/26,1617.972,142.902,1163,261,8238,17304.2,242.77179,4.721389,2.836,10.2,0.6,0,0
2007/1/27,2044.072,148.242,1170,3896,12374,16627.867,241.61658,5.949861,2.836,10.2,0.6,0,0
2007/1/28,3090.204,153.352,3466,3997,12045,31995.4,240.3048,9.133704,2.836,10.2,0.6,0,0
2007/1/29,1982.664,165.696,1123,294,15254,16373.4,240.9296,5.788889,2.836,10.2,0.6,0,0
2007/1/30,1707.798,180.934,1123,1424,8149,17767.3,241.84088,5.0281944,2.836,10.2,0.6,0,0
2007/1/31,2363.752,185.988,0,5950,15052,18393.867,239.92114,6.923611,2.836,10.2,0.6,0,0
2007/2/1,1824.76,150.264,1170,386,13145,15711.667,240.39215,5.3325,8.4117,13.333,6.5,3,0
2007/2/2,1667.736,139.542,0,356,11338,16101.6,240.3344,4.8708334,8.4117,13.333,6.5,3,0
2007/2/3,4029.722,245.824,4746,4573,17834,40009.035,238.9102,11.815972,8.4117,13.333,6.5,3,0
2007/2/4,3595.94,186.494,3391,4597,14472,37472.332,239.63333,10.565416,8.4117,13.333,6.5,3,0
2007/2/5,1645.28,147.228,896,2564,7849,16112.333,240.8103,4.8204165,8.4117,13.333,6.5,3,0
2007/2/6,1273.48,142.566,1185,405,4517,15117.667,241.26414,3.7719445,8.4117,13.333,6.5,3,0
2007/2/7,2328.018,177.70801,3299,3513,11986,20002.3,241.14969,6.7916665,8.4117,13.333,6.5,3,0
2007/2/8,1801.4141,138.896,2226,366,10157,17274.566,241.7973,5.2483335,8.4117,13.333,6.5,3,0
2007/2/9,1620.198,158.066,0,3045,9770,14188.3,241.74045,4.7272224,8.4117,13.333,6.5,3,0
2007/2/10,2829.328,192.974,5071,2831,14405,24848.467,240.03683,8.30375,8.4117,13.333,6.5,3,0
2007/2/11,3571.228,204.314,2430,4765,13114,39211.465,239.50613,10.526805,8.4117,13.333,6.5,3,0
2007/2/12,1877.61,136.704,2227,399,11517,17150.5,240.0985,5.5034723,8.4117,13.333,6.5,3,0
2007/2/13,1414.546,134.678,0,2828,6256,14491.767,241.16685,4.14375,8.4117,13.333,6.5,3,0
2007/2/14,2498.672,202.506,3295,3793,11579,22977.533,240.3754,7.315139,8.4117,13.333,6.5,3,0
2007/2/15,1985.346,165.964,0,2363,14028,16698.1,240.66922,5.8202777,8.4117,13.333,6.5,3,0
2007/2/16,1702.528,151.686,1148,859,8689,17679.467,240.82094,5.046528,8.4117,13.333,6.5,3,0
2007/2/17,2076.912,238.968,1765,2226,7157,23467.2,239.31604,6.1291666,8.4117,13.333,6.5,3,0
2007/2/18,3829.762,255.522,6107,8003,13129,36590.367,239.1708,11.238889,8.4117,13.333,6.5,3,0
2007/2/19,2186.614,176.584,1634,2900,13085,18824.566,239.78958,6.442222,8.4117,13.333,6.5,3,0
2007/2/20,3149.928,187.158,2058,5191,9713,35536.8,239.86545,9.168472,8.4117,13.333,6.5,3,0
2007/2/21,2072.874,189.87,3527,2332,11548,17140.9,240.46095,6.074445,8.4117,13.333,6.5,3,0
2007/2/22,3369.478,137.954,1409,4129,12251,38368.965,238.62355,9.870793,8.4117,13.333,6.5,3,0
2007/2/23,1313.48,149.344,0,503,10786,10602.333,240.68596,3.8254168,8.4117,13.333,6.5,3,0
2007/2/24,714.922,122.202,0,363,3562,7990.3667,239.86311,2.0858333,8.4117,13.333,6.5,3,0
2007/2/25,501.74,113.736,0,329,1660,6373.3335,241.68155,1.4622223,8.4117,13.333,6.5,3,0
2007/2/26,568.484,108.28,0,331,2830,6313.7334,241.27359,1.6588889,8.4117,13.333,6.5,3,0
2007/2/27,518.112,113.204,0,314,1924,6397.2,242.94427,1.5245832,8.4117,13.333,6.5,3,0
2007/2/28,520.774,113.372,0,340,1973,6366.567,242.15959,1.5284722,8.4117,13.333,6.5,3,0
2007/3/1,517.564,107.628,0,316,1980,6330.067,241.3214,1.508889,4.3217,12.833,2.667,0,0
2007/3/2,515.688,107.008,0,340,1969,6285.8,240.5916,1.5068055,4.3217,12.833,2.667,0,0
2007/3/3,819.122,134.992,0,347,4597,8708.033,241.28809,2.4011111,4.3217,12.833,2.667,0,0
2007/3/4,2090.7,175.682,1476,8711,9408,15250,240.0298,6.1581945,4.3217,12.833,2.667,0,0
2007/3/5,2660.332,205.956,5727,12109,10026,16476.867,240.0309,7.8402777,4.3217,12.833,2.667,0,0
2007/3/6,1246.5,186.148,0,1740,4700,14335,240.98807,3.6956942,4.3217,12.833,2.667,0,0
2007/3/7,2375.206,171.2,1076,4761,15513,18236.768,240.32356,6.9350004,4.3217,12.833,2.667,0,0
2007/3/8,1572.132,187.404,2180,3385,6655,13982.2,240.66544,4.6651387,4.3217,12.833,2.667,0,0
2007/3/9,1272.6119,119.238,1093,345,8631,11141.2,240.88846,3.73125,4.3217,12.833,2.667,0,0
2007/3/10,2484.712,243.528,4130,5422,10979,20880.867,239.80284,7.3419447,4.3217,12.833,2.667,0,0
2007/3/11,3480.636,173.37401,4810,3420,9500,40280.6,240.0073,10.121528,4.3217,12.833,2.667,0,0
2007/3/12,1950.668,134.422,1403,2841,12353,15914.134,240.55873,5.728472,4.3217,12.833,2.667,0,0
2007/3/13,1290.144,126.718,1350,3859,5323,10970.4,240.89796,3.8056946,4.3217,12.833,2.667,0,0
2007/3/14,1793.364,157.522,3485,480,8607,17317.4,240.7773,5.2675,4.3217,12.833,2.667,0,0
2007/3/15,1884.814,159.326,0,3263,11036,17114.566,240.28049,5.5231943,4.3217,12.833,2.667,0,0
2007/3/16,1702.054,130.20801,1106,4604,5370,17287.566,239.52713,4.992361,4.3217,12.833,2.667,0,0
2007/3/17,2028.09,127.068,2208,359,12275,18959.5,238.22466,5.946111,4.3217,12.833,2.667,0,0
2007/3/18,2371.046,241.45,6564,7369,5856,19728.434,241.04784,7.007917,4.3217,12.833,2.667,0,0
2007/3/19,2152.518,144.764,1648,2686,14118,17423.3,240.49709,6.2819443,4.3217,12.833,2.667,0,0
2007/3/20,2086.228,164.87,3745,2837,11255,16933.467,240.81564,6.15125,4.3217,12.833,2.667,0,0
2007/3/21,2142.092,142.83,1865,4133,12335,17368.533,240.98665,6.2372217,4.3217,12.833,2.667,0,0
2007/3/22,1454.978,113.826,353,736,10462,12698.634,241.76352,4.223056,4.3217,12.833,2.667,0,0
2007/3/23,1309.008,119.488,1127,777,8369,11543.8,241.6455,3.80375,4.3217,12.833,2.667,0,0
2007/3/24,2968.43,191.024,3707,5797,16382,23587.834,239.70447,8.703333,4.3217,12.833,2.667,0,0
2007/3/25,3336.124,235.972,4630,3600,9358,38014.066,240.03275,9.722307,4.3217,12.833,2.667,0,0
2007/3/26,1416.082,160.966,1088,344,9096,13073.366,241.3368,4.1830554,4.3217,12.833,2.667,0,0
2007/3/27,1105.14,151.726,0,3019,3697,11703,240.60197,3.2965279,4.3217,12.833,2.667,0,0
2007/3/28,2333.898,196.518,1122,8527,13888,15361.3,240.44461,6.8545833,4.3217,12.833,2.667,0,0
2007/3/29,1590.406,198.696,1162,460,10724,14160.767,240.5367,4.6768055,4.3217,12.833,2.667,0,0
2007/3/30,1402.394,181.128,1094,468,8217,13594.233,241.03923,4.1895833,4.3217,12.833,2.667,0,0
2007/3/31,3509.51,231.504,2620,7707,17682,30482.834,239.26076,10.264723,4.3217,12.833,2.667,0,0
2007/4/1,2785.952,202.552,4629,5401,19509,16893.533,240.02448,8.149445,1.0567,1,0.833,0.667,0
2007/4/2,1960.778,174.336,1755,970,16641,13313.634,240.46011,5.712639,1.0567,1,0.833,0.667,0
2007/4/3,1642.82,168.76,3630,1042,7637,15071.333,240.50494,4.84625,1.0567,1,0.833,0.667,0
2007/4/4,2051.868,172.318,3434,420,14748,15595.8,240.33179,5.98625,1.0567,1,0.833,0.667,0
2007/4/5,1844.078,244.538,1086,4277,10523,14848.634,241.17311,5.4915276,1.0567,1,0.833,0.667,0
2007/4/6,1601.14,143.214,0,5466,9166,12053.667,241.18446,4.688611,1.0567,1,0.833,0.667,0
2007/4/7,1553.924,138.73,1127,3111,5923,15737.733,240.37859,4.5645833,1.0567,1,0.833,0.667,0
2007/4/8,1608.816,135.882,0,485,3545,22783.6,240.34918,4.719861,1.0567,1,0.833,0.667,0
2007/4/9,1000.92,160.11,2667,514,3801,9700,240.55048,2.9745831,1.0567,1,0.833,0.667,0
2007/4/10,777.364,148.94,209,742,2572,9433.066,240.81369,2.347361,1.0567,1,0.833,0.667,0
2007/4/11,887.482,192.446,0,1112,6421,7258.3667,241.15482,2.61875,1.0567,1,0.833,0.667,0
2007/4/12,537.706,147.812,0,541,1818,6602.7666,240.25606,1.5979167,1.0567,1,0.833,0.667,0
2007/4/13,551.022,151.64,0,558,1988,6637.7,240.05048,1.6433333,1.0567,1,0.833,0.667,0
2007/4/14,554.268,155.61,0,578,2008,6651.8,240.31316,1.6513889,1.0567,1,0.833,0.667,0
2007/4/15,726.164,171.544,0,1026,2893,8183.7334,240.2367,2.1865277,1.0567,1,0.833,0.667,0
2007/4/16,952.39,186.074,952,1305,4656,8960.167,240.65714,2.8725,1.0567,1,0.833,0.667,0
2007/4/17,1223.734,218.354,1532,389,6199,12275.566,240.19566,3.690833,1.0567,1,0.833,0.667,0
2007/4/18,998.246,165.224,1579,355,3430,11273.434,240.14679,2.9954166,1.0567,1,0.833,0.667,0
2007/4/19,1028.658,149.66,733,1605,5748,9058.3,240.42984,3.0558333,1.0567,1,0.833,0.667,0
2007/4/20,822.58,145.646,1069,360,3499,8781.667,240.1329,2.4948611,1.0567,1,0.833,0.667,0
2007/4/21,1673.656,212.658,6575,463,11129,9727.267,239.21324,5.0356946,1.0567,1,0.833,0.667,0
2007/4/22,2233.714,267.194,4264,2287,11102,19575.566,239.60887,6.6884723,1.0567,1,0.833,0.667,0
2007/4/23,1054.566,135.64,1402,506,6005,9663.1,237.23566,3.2641666,1.0567,1,0.833,0.667,0
2007/4/24,1032.1,135.264,1125,527,6680,8869.667,235.34492,3.1448612,1.0567,1,0.833,0.667,0
2007/4/25,1264.162,164.73601,0,1469,8812,10788.366,234.9411,3.8580556,1.0567,1,0.833,0.667,0
2007/4/26,1275.466,163.606,1324,1845,7163,10925.767,234.78731,3.9237502,1.0567,1,0.833,0.667,0
2007/4/27,1094.332,161.928,1772,545,4756,11165.866,235.21617,3.3125,1.0567,1,0.833,0.667,0
2007/4/28,22.738,2.86,0,18,0,360.96667,233.98619,4.6380954,1.0567,1,0.833,0.667,0
2007/4/29,0,0,0,0,0,0,,,1.0567,1,0.833,0.667,0
2007/4/30,420.822,71.718,1214,500,1131,4168.7,234.87004,3.239236,1.0567,1,0.833,0.667,0
2007/5/1,1663.858,181.608,4005,995,8546,14184.967,234.67871,5.0733333,8.136700000000001,13,6.667,2.333,0
2007/5/2,1003.486,160.092,7,1490,3754,11473.767,235.58208,3.1415277,8.136700000000001,13,6.667,2.333,0
2007/5/3,1090.238,150.942,1906,1725,7836,6703.6333,235.1349,3.307639,8.136700000000001,13,6.667,2.333,0
2007/5/4,998.128,174.74,2259,538,3990,9848.467,235.7102,3.0780554,8.136700000000001,13,6.667,2.333,0
2007/5/5,1563.052,174.102,2913,2493,11303,9341.866,235.03502,4.736111,8.136700000000001,13,6.667,2.333,0
2007/5/6,2102.104,182.336,3215,949,10095,20776.066,234.40965,6.4090276,8.136700000000001,13,6.667,2.333,0
2007/5/7,1643.664,168.918,946,4935,9433,12080.4,234.53697,4.9809723,8.136700000000001,13,6.667,2.333,0
2007/5/8,1789.292,181.612,4581,2011,8777,14452.533,234.90623,5.356389,8.136700000000001,13,6.667,2.333,0
2007/5/9,1665.736,183.484,3018,5631,9474,9639.267,234.87372,5.056111,8.136700000000001,13,6.667,2.333,0
2007/5/10,707.884,168.314,946,534,3261,7057.067,235.79626,2.2068057,8.136700000000001,13,6.667,2.333,0
2007/5/11,979.154,132.096,926,491,6471,8431.233,235.22975,3.0276387,8.136700000000001,13,6.667,2.333,0
2007/5/12,1441.566,209.172,2247,1075,10408,10296.1,234.7229,4.3605556,8.136700000000001,13,6.667,2.333,0
2007/5/13,1634.738,220.67,3612,2414,8958,12261.634,235.70871,4.9691668,8.136700000000001,13,6.667,2.333,0
2007/5/14,1467.782,298.552,3176,2417,5517,13353.033,235.69006,4.5741663,8.136700000000001,13,6.667,2.333,0
2007/5/15,904.392,111.182,0,408,5318,9347.2,235.612,2.7333333,8.136700000000001,13,6.667,2.333,0
2007/5/16,1692.944,135.894,2213,5756,9077,11169.733,235.2608,5.0718055,8.136700000000001,13,6.667,2.333,0
2007/5/17,1231.816,131.188,1014,2073,7687,9756.267,235.86847,3.7209723,8.136700000000001,13,6.667,2.333,0
2007/5/18,1631.53,171.258,3270,3913,8116,11893.167,235.9946,4.8766665,8.136700000000001,13,6.667,2.333,0
2007/5/19,1429.442,167.858,4683,530,7022,11589.033,234.94473,4.3193054,8.136700000000001,13,6.667,2.333,0
2007/5/20,1968.328,187.532,5420,1733,7611,18041.467,235.34811,5.941528,8.136700000000001,13,6.667,2.333,0
2007/5/21,1120.062,117.28,0,468,9060,9139.7,234.69191,3.3386111,8.136700000000001,13,6.667,2.333,0
2007/5/22,1132.852,128.916,931,3966,3984,9999.866,235.48058,3.3998609,8.136700000000001,13,6.667,2.333,0
2007/5/23,1464.936,165.878,956,3792,8119,11548.6,234.8125,4.3975,8.136700000000001,13,6.667,2.333,0
2007/5/24,1154.3881,135.56,955,4116,4746,9422.8,235.54607,3.4620833,8.136700000000001,13,6.667,2.333,0
2007/5/25,1614.22,174.588,8060,586,6539,11718.667,234.4472,4.863472,8.136700000000001,13,6.667,2.333,0
2007/5/26,1512.248,174.24,2373,2754,8628,11449.134,235.06989,4.5627775,8.136700000000001,13,6.667,2.333,0
2007/5/27,2153.808,219.894,4366,5534,10444,15552.8,234.90845,6.506528,8.136700000000001,13,6.667,2.333,0
2007/5/28,1637.468,151.1,4554,473,9586,12678.134,234.90657,4.9219446,8.136700000000001,13,6.667,2.333,0
2007/5/29,1061.34,113.244,0,1907,4332,11450,235.69435,3.2072222,8.136700000000001,13,6.667,2.333,0
2007/5/30,1609.866,147.058,2250,5948,7804,10829.1,234.8314,4.828472,8.136700000000001,13,6.667,2.333,0
2007/5/31,938.55,129.586,935,477,3552,10678.5,235.09653,2.7918055,8.136700000000001,13,6.667,2.333,0
2007/6/1,1044.918,143.182,0,483,7664,9268.3,235.32332,3.13565,4.5466999999999995,10.333,4,0.667,0
2007/6/2,1484.362,166.108,3971,1250,7633,11885.366,234.46902,4.4740276,4.5466999999999995,10.333,4,0.667,0
2007/6/3,2108.026,182.45801,4985,7529,8334,14285.767,234.76237,6.3529167,4.5466999999999995,10.333,4,0.667,0
2007/6/4,911.618,223.192,1585,836,4533,8239.634,234.74806,2.8222222,4.5466999999999995,10.333,4,0.667,0
2007/6/5,1458.892,255.692,4484,1027,6448,12355.867,234.69278,4.465139,4.5466999999999995,10.333,4,0.667,0
2007/6/6,1693.6381,231.06,3329,829,11663,12406.3,234.62163,5.1088257,4.5466999999999995,10.333,4,0.667,0
2007/6/7,985.002,172.334,985,699,3959,10773.7,234.47879,2.982361,4.5466999999999995,10.333,4,0.667,0
2007/6/8,2148.046,229.732,2799,11440,11380,10181.767,236.19743,6.4481945,4.5466999999999995,10.333,4,0.667,0
2007/6/9,1059.814,226.656,852,596,6590,9625.566,240.70546,3.2562056,4.5466999999999995,10.333,4,0.667,0
2007/6/10,1340.812,239.092,4202,1924,5983,10237.866,240.8443,4.0056944,4.5466999999999995,10.333,4,0.667,0
2007/6/11,794.654,194.634,0,487,5328,7429.2334,240.85675,2.4179168,4.5466999999999995,10.333,4,0.667,0
2007/6/12,918.766,216.416,1882,475,3898,9057.767,240.22488,2.858611,4.5466999999999995,10.333,4,0.667,0
2007/6/13,927.272,208.26,957,857,5216,8424.533,240.39761,2.8174999,4.5466999999999995,10.333,4,0.667,0
2007/6/14,1259.084,231.696,3322,2147,7054,8461.733,239.8478,3.7833333,4.5466999999999995,10.333,4,0.667,0
2007/6/15,989.604,251.762,2269,4011,4547,5666.4,240.46439,3.0662498,4.5466999999999995,10.333,4,0.667,0
2007/6/16,2017.762,307.558,3289,4498,11108,14734.366,239.5017,5.975,4.5466999999999995,10.333,4,0.667,0
2007/6/17,1947.09,239.814,4124,5038,8734,14555.5,240.21918,5.769305,4.5466999999999995,10.333,4,0.667,0
2007/6/18,678.474,180.81,0,529,4241,6537.9,240.7762,2.07875,4.5466999999999995,10.333,4,0.667,0
2007/6/19,842.36,187.98601,973,535,4357,8174.3335,240.26926,2.5607789,4.5466999999999995,10.333,4,0.667,0
2007/6/20,1074.286,227.302,1761,2588,5106,8449.767,240.15616,3.3068054,4.5466999999999995,10.333,4,0.667,0
2007/6/21,806.946,222.546,932,2400,3711,6406.1,240.57494,2.5008333,4.5466999999999995,10.333,4,0.667,0
2007/6/22,566.294,208.526,0,951,3482,5005.2334,240.83563,1.8073611,4.5466999999999995,10.333,4,0.667,0
2007/6/23,477.566,193.12,0,786,2402,4771.4336,240.31897,1.5356944,4.5466999999999995,10.333,4,0.667,0
2007/6/24,714.656,179.362,0,791,3449,7670.933,241.1322,2.207639,4.5466999999999995,10.333,4,0.667,0
2007/6/25,1072.202,197.27,1985,3621,4816,7448.033,240.42227,3.25,4.5466999999999995,10.333,4,0.667,0
2007/6/26,944.908,182.42,971,1334,5231,8212.467,240.09451,2.8770833,4.5466999999999995,10.333,4,0.667,0
2007/6/27,1480.826,206.998,2603,6451,7270,8356.434,239.75842,4.429167,4.5466999999999995,10.333,4,0.667,0
2007/6/28,1295.438,217.446,0,4368,9541,7681.6333,239.42368,3.8895833,4.5466999999999995,10.333,4,0.667,0
2007/6/29,1304.198,206.194,4363,667,6797,9909.634,240.18231,3.94246,4.5466999999999995,10.333,4,0.667,0
2007/6/30,1335.314,188.354,3049,792,8376,10038.233,240.01161,3.9715278,4.5466999999999995,10.333,4,0.667,0
2007/7/1,1026.664,172.448,969,736,4690,10716.066,240.06714,3.0806947,7.805,12.667,5.167,3.5,0
2007/7/2,967.032,176.924,1018,5281,3445,6373.2,240.67181,2.9277778,7.805,12.667,5.167,3.5,0
2007/7/3,1059.912,180.338,467,3214,4695,9289.2,240.18694,3.2306945,7.805,12.667,5.167,3.5,0
2007/7/4,1003.41,253.334,2329,2218,5632,6544.5,240.65964,3.0954165,7.805,12.667,5.167,3.5,0
2007/7/5,1057.29,246.716,2922,770,3973,9956.5,240.44444,3.2331944,7.805,12.667,5.167,3.5,0
2007/7/6,1069.524,219.35,2826,3563,4005,7431.4,240.59946,3.268611,7.805,12.667,5.167,3.5,0
2007/7/7,1358.206,214.044,997,3047,10177,8415.767,239.91014,4.034861,7.805,12.667,5.167,3.5,0
2007/7/8,1089.08,196.92,1825,2831,5277,8218.333,240.33888,3.2893057,7.805,12.667,5.167,3.5,0
2007/7/9,1180.158,172.422,923,594,9386,8766.3,240.61765,3.51625,7.805,12.667,5.167,3.5,0
2007/7/10,908.324,176.244,67,2227,4631,8213.733,239.98305,2.786111,7.805,12.667,5.167,3.5,0
2007/7/11,722.352,153.856,1015,647,5284,5093.2,241.03003,2.1994443,7.805,12.667,5.167,3.5,0
2007/7/12,1069.582,209.098,1029,2550,6419,7828.3667,240.76463,3.233611,7.805,12.667,5.167,3.5,0
2007/7/13,794.382,206.694,0,633,4427,8179.7,240.8548,2.4508333,7.805,12.667,5.167,3.5,0
2007/7/14,1288.17,258.45,3775,1968,6604,9122.5,241.29189,3.8940277,7.805,12.667,5.167,3.5,0
2007/7/15,917.024,233.182,862,632,5585,8204.733,240.59654,3.091603,7.805,12.667,5.167,3.5,0
2007/7/16,853.674,233.96,830,695,4176,8526.9,236.50723,2.6605556,7.805,12.667,5.167,3.5,0
2007/7/17,719.632,176.088,848,694,3335,7116.8667,234.74126,2.2762501,7.805,12.667,5.167,3.5,0
2007/7/18,757.082,156.514,909,671,4628,6410.033,231.08824,2.3868055,7.805,12.667,5.167,3.5,0
2007/7/19,677.886,187.012,1068,703,3130,6397.1,234.26187,2.143889,7.805,12.667,5.167,3.5,0
2007/7/20,1110.422,223.118,2111,2418,4765,9213.033,235.56891,3.4516666,7.805,12.667,5.167,3.5,0
2007/7/21,1060.248,236.158,428,512,7756,8974.8,234.25662,3.2915277,7.805,12.667,5.167,3.5,0
2007/7/22,1375.774,218.246,7091,2136,5563,8139.567,235.96373,4.2265463,7.805,12.667,5.167,3.5,0
2007/7/23,991.018,143.77,1747,1288,3847,9634.967,234.50087,3.075972,7.805,12.667,5.167,3.5,0
2007/7/24,825.284,112.81,0,1607,5599,6548.7334,235.36304,2.5509722,7.805,12.667,5.167,3.5,0
2007/7/25,472.56,108.234,0,151,2333,5392,235.64105,1.4793055,7.805,12.667,5.167,3.5,0
2007/7/26,924.5,115.092,975,3633,4346,6454.3335,234.94373,2.8381944,7.805,12.667,5.167,3.5,0
2007/7/27,1202.514,120.456,1837,49,7157,10998.9,235.5537,3.6233335,7.805,12.667,5.167,3.5,0
2007/7/28,1621.862,178.73,907,10265,6559,9300.033,235.50723,4.9416666,7.805,12.667,5.167,3.5,0
2007/7/29,321.116,118.576,0,0,1288,4063.9333,235.71205,1.0334722,7.805,12.667,5.167,3.5,0
2007/7/30,466.816,129.492,0,0,2528,5252.2666,235.53023,1.4672222,7.805,12.667,5.167,3.5,0
2007/7/31,812.332,145.786,3277,0,3575,6686.8667,234.91483,2.5025,7.805,12.667,5.167,3.5,0
2007/8/1,1060.338,142.556,1583,0,9812,6277.3,235.00919,3.253418,14.496,13.8,7.2,4.4,0
2007/8/2,1019.416,144.954,482,0,6869,9639.267,234.8566,3.0870833,14.496,13.8,7.2,4.4,0
2007/8/3,1063.364,125.388,958,0,9139,7625.7334,234.48561,3.2072222,14.496,13.8,7.2,4.4,0
2007/8/4,1144.99,139.226,552,398,7966,10167.167,235.25723,3.452361,14.496,13.8,7.2,4.4,0
2007/8/5,787.098,151.254,169,0,6647,6302.3,235.11528,2.4368055,14.496,13.8,7.2,4.4,0
2007/8/6,1089.72,154.434,1096,0,7985,9081,234.70273,3.3170834,14.496,13.8,7.2,4.4,0
2007/8/7,1483.58,131.182,437,2168,9042,13079.333,234.55388,4.425972,14.496,13.8,7.2,4.4,0
2007/8/8,1125.482,119.096,1055,1111,9660,6932.033,234.51237,3.3805556,14.496,13.8,7.2,4.4,0
2007/8/9,1071.68,109.474,182,4515,6646,6518.3335,234.21439,3.2723613,14.496,13.8,7.2,4.4,0
2007/8/10,1028.01,117.656,336,2651,8287,5859.5,234.4888,3.129722,14.496,13.8,7.2,4.4,0
2007/8/11,1091.65,115.77,1180,910,10339,5765.1665,234.9802,3.2856944,14.496,13.8,7.2,4.4,0
2007/8/12,1241.904,127.776,1123,1156,8582,9837.4,235.66484,3.7427778,14.496,13.8,7.2,4.4,0
2007/8/13,1153.012,130.94,93,476,11101,7546.8667,235.21658,3.44875,14.496,13.8,7.2,4.4,0
2007/8/14,941.19,132.01,951,685,6256,7794.5,237.07639,2.8541667,14.496,13.8,7.2,4.4,0
2007/8/15,1191.86,159.764,338,508,9787,9231.333,239.99341,3.5420835,14.496,13.8,7.2,4.4,0
2007/8/16,958.496,131.532,962,0,7476,7536.933,239.73766,2.8438888,14.496,13.8,7.2,4.4,0
2007/8/17,1009.892,127.388,244,0,7769,8818.533,240.49405,2.9815278,14.496,13.8,7.2,4.4,0
2007/8/18,347.96,119.24,0,0,1830,3969.3333,241.27962,1.0788889,14.496,13.8,7.2,4.4,0
2007/8/19,1422.294,160.018,1025,8912,5989,7778.9,239.95367,4.261945,14.496,13.8,7.2,4.4,0
2007/8/20,1338.842,155.88,1032,6965,7383,6934.033,241.30069,3.9633334,14.496,13.8,7.2,4.4,0
2007/8/21,642.556,157.308,0,38,3296,7375.2666,240.57304,1.9611111,14.496,13.8,7.2,4.4,0
2007/8/22,1209.808,154.288,3048,1836,7241,8038.467,240.81732,3.57125,14.496,13.8,7.2,4.4,0
2007/8/23,1112.312,157.954,2502,259,5342,10435.533,240.64731,3.330278,14.496,13.8,7.2,4.4,0
2007/8/24,1656.214,262.692,1891,3782,9944,11986.566,240.49463,4.9385686,14.496,13.8,7.2,4.4,0
2007/8/25,1150.88,272.548,4149,2191,5678,7163.3335,239.85983,3.55375,14.496,13.8,7.2,4.4,0
2007/8/26,1314.906,299.388,1541,3645,5658,11071.1,239.95091,4.012639,14.496,13.8,7.2,4.4,0
2007/8/27,1211.73,299.084,2305,1229,6344,10317.5,239.92358,3.6912498,14.496,13.8,7.2,4.4,0
2007/8/28,997.004,181.114,1038,2468,5483,7627.7334,239.54987,2.9961112,14.496,13.8,7.2,4.4,0
2007/8/29,747.992,175.426,957,562,4932,6015.533,240.74498,2.2795835,14.496,13.8,7.2,4.4,0
2007/8/30,1202.458,191.048,3822,2580,4221,9417.967,240.57318,3.6043057,14.496,13.8,7.2,4.4,0
2007/8/31,1279.822,187.256,1200,666,8738,10726.366,239.9857,3.7884722,14.496,13.8,7.2,4.4,0
2007/9/1,1701.486,289.846,2497,569,9733,15559.1,239.35574,5.065417,1.83,4.667,1.333,0,0
2007/9/2,1662.468,231.598,3613,1617,8806,13671.8,240.04533,5.017222,1.83,4.667,1.333,0,0
2007/9/3,1038.922,188.422,621,2515,5323,8856.366,239.62036,3.1306946,1.83,4.667,1.333,0,0
2007/9/4,1584.944,179.626,2928,3501,9821,10165.733,239.65965,4.7559724,1.83,4.667,1.333,0,0
2007/9/5,1236.572,148.864,0,4144,6705,9760.533,239.14816,3.697639,1.83,4.667,1.333,0,0
2007/9/6,901.474,172.026,0,3888,3461,7675.567,239.34004,2.7522223,1.83,4.667,1.333,0,0
2007/9/7,1336.496,181.738,3632,551,9388,8703.934,239.03171,4.007222,1.83,4.667,1.333,0,0
2007/9/8,1469.752,186.33,3339,1801,9164,10191.866,239.73045,4.3919444,1.83,4.667,1.333,0,0
2007/9/9,1679.502,209.152,2184,4438,9233,12136.7,238.92213,5.0540276,1.83,4.667,1.333,0,0
2007/9/10,1117.376,177.498,935,595,5613,11479.934,239.38866,3.36375,1.83,4.667,1.333,0,0
2007/9/11,983.572,151.764,943,550,5792,9107.866,240.07199,2.9520833,1.83,4.667,1.333,0,0
2007/9/12,1287.764,171.794,0,3217,7755,10490.733,240.01506,3.86,1.83,4.667,1.333,0,0
2007/9/13,1146.382,165.95801,1175,2523,3853,11555.366,239.30983,3.4644444,1.83,4.667,1.333,0,0
2007/9/14,1135.47,183.126,901,676,5804,11543.5,239.3019,3.4447222,1.83,4.667,1.333,0,0
2007/9/15,1095.312,184.466,0,1449,6464,10342.2,240.00197,3.2781944,1.83,4.667,1.333,0,0
2007/9/16,1652.224,192.352,3118,3064,9310,12045.066,239.56046,4.96625,1.83,4.667,1.333,0,0
2007/9/17,1461.186,202.314,6651,926,6279,10497.1,239.2148,4.413472,1.83,4.667,1.333,0,0
2007/9/18,1167.52,147.132,1888,2029,5425,10116.667,238.26068,3.5127778,1.83,4.667,1.333,0,0
2007/9/19,1298.684,151.794,0,2743,7937,10964.733,240.3052,3.8833334,1.83,4.667,1.333,0,0
2007/9/20,1255.532,132.908,1056,489,9996,9384.533,239.715,3.7209723,1.83,4.667,1.333,0,0
2007/9/21,1238.78,152.834,3130,2745,6316,8455.333,239.38147,3.7326388,1.83,4.667,1.333,0,0
2007/9/22,1176.172,183.432,944,1311,7688,9659.866,239.48303,3.5151389,1.83,4.667,1.333,0,0
2007/9/23,1417.97,242.974,2831,1929,7382,11490.833,239.50043,4.28,1.83,4.667,1.333,0,0
2007/9/24,1354.53,197.624,929,3935,7955,9756.5,238.6006,4.07875,1.83,4.667,1.333,0,0
2007/9/25,1764.342,130.078,916,2253,9820,16416.7,238.09961,5.206389,1.83,4.667,1.333,0,0
2007/9/26,1822.264,168.628,1058,9415,5661,14237.066,239.42458,5.377052,1.83,4.667,1.333,0,0
2007/9/27,1392.6,150.71,1066,643,7324,14177,239.56706,4.077778,1.83,4.667,1.333,0,0
2007/9/28,1680.498,222.718,996,3722,9952,13338.3,239.46243,4.994167,1.83,4.667,1.333,0,0
2007/9/29,2296.522,182.122,4085,7457,8190,18543.367,239.1401,6.793195,1.83,4.667,1.333,0,0
2007/9/30,1516.29,163.588,1405,582,10225,13059.5,240.06477,4.4525,1.83,4.667,1.333,0,0
2007/10/1,1720.922,146.734,1507,6622,5960,14593.033,239.23991,5.07375,5.988,4.6,3.6,2.4,0.4
2007/10/2,2198.864,161.828,508,8022,12815,15302.733,238.49379,6.4740276,5.988,4.6,3.6,2.4,0.4
2007/10/3,1280.454,157.738,979,5024,3692,11645.9,239.26106,3.8,5.988,4.6,3.6,2.4,0.4
2007/10/4,1518.458,138.448,2400,444,9710,12753.634,239.20508,4.454583,5.988,4.6,3.6,2.4,0.4
2007/10/5,1394.092,150.636,0,351,9425,13458.866,238.8271,4.089722,5.988,4.6,3.6,2.4,0.4
2007/10/6,1756.24,186.192,4840,347,9666,14417.667,238.3807,5.167639,5.988,4.6,3.6,2.4,0.4
2007/10/7,2106.114,153.178,2498,8255,10886,13462.9,238.82628,6.2079167,5.988,4.6,3.6,2.4,0.4
2007/10/8,1095.242,121.896,0,420,5082,12752.033,239.09654,3.231111,5.988,4.6,3.6,2.4,0.4
2007/10/9,1687.858,159.802,2034,2147,9290,14659.967,238.87915,4.9823613,5.988,4.6,3.6,2.4,0.4
2007/10/10,1166.972,132.752,1863,2117,3345,12124.533,239.42116,3.4886112,5.988,4.6,3.6,2.4,0.4
2007/10/11,1732.446,153.108,2630,414,7806,18024.1,238.44417,5.109028,5.988,4.6,3.6,2.4,0.4
2007/10/12,1914.504,137.984,1020,5028,11659,14201.4,238.48131,5.6670833,5.988,4.6,3.6,2.4,0.4
2007/10/13,1926.728,125.204,969,3799,8463,18881.133,238.76541,5.7006946,5.988,4.6,3.6,2.4,0.4
2007/10/14,2061.252,150.05,2930,7494,7126,16804.2,239.10104,6.07875,5.988,4.6,3.6,2.4,0.4
2007/10/15,1266.33,118.182,1061,339,7654,12051.5,239.29271,3.7219446,5.988,4.6,3.6,2.4,0.4
2007/10/16,1964.442,185.414,0,7871,9876,14993.7,238.86261,5.8231945,5.988,4.6,3.6,2.4,0.4
2007/10/17,1576.93,136.4,1065,453,8968,15796.167,239.19212,4.636945,5.988,4.6,3.6,2.4,0.4
2007/10/18,1518.53,122.5,1162,317,9864,13965.833,239.80028,4.43375,5.988,4.6,3.6,2.4,0.4
2007/10/19,2085.648,121.478,1299,3124,11648,18689.8,239.65218,6.103194,5.988,4.6,3.6,2.4,0.4
2007/10/20,1660.246,139.544,2363,296,13225,11786.767,241.82483,4.8147225,5.988,4.6,3.6,2.4,0.4
2007/10/21,1941.94,154.028,3712,4357,7313,16983.666,241.49074,5.701667,5.988,4.6,3.6,2.4,0.4
2007/10/22,1652.896,116.41,0,299,13027,14222.267,240.5454,4.8058333,5.988,4.6,3.6,2.4,0.4
2007/10/23,1954.648,127.484,1067,5186,10680,15644.467,241.23186,5.7121,5.988,4.6,3.6,2.4,0.4
2007/10/24,1865.636,146.782,4459,364,9115,17155.934,240.80827,5.4731946,5.988,4.6,3.6,2.4,0.4
2007/10/25,1853.918,132.2,1478,2433,7385,19602.633,240.47264,5.4136114,5.988,4.6,3.6,2.4,0.4
2007/10/26,1437.568,109.676,0,348,5766,17845.467,240.68086,4.3658333,5.988,4.6,3.6,2.4,0.4
2007/10/27,1785.688,109.186,1374,4856,8949,14582.467,240.20122,5.309167,5.988,4.6,3.6,2.4,0.4
2007/10/28,512.158,92.298,0,283,1765,6487.967,240.86606,1.4852778,5.988,4.6,3.6,2.4,0.4
2007/10/29,545.428,86.998,0,269,2749,6072.467,241.19331,1.5744444,5.988,4.6,3.6,2.4,0.4
2007/10/30,811.008,89.84,0,1935,4256,7325.8,240.62593,2.351389,5.988,4.6,3.6,2.4,0.4
2007/10/31,1283.21,107.2,0,4700,8915,7771.8335,240.33897,3.742361,5.988,4.6,3.6,2.4,0.4
2007/11/1,496.216,85.046,0,293,1991,5986.2666,240.93842,1.4359722,3.775,8,2.833,0,0
2007/11/2,1443.602,93.362,1346,2115,12245,8354.033,239.34898,4.2026386,3.775,8,2.833,0,0
2007/11/3,492.55,88.124,0,282,1936,5991.1665,240.19052,1.4343054,3.775,8,2.833,0,0
2007/11/4,1485.686,138.802,0,4387,7068,13306.434,240.2055,4.384028,3.775,8,2.833,0,0
2007/11/5,1500.592,131.35,1265,397,6583,16764.867,239.65912,4.3962502,3.775,8,2.833,0,0
2007/11/6,2082.378,200.526,1105,5515,10690,17396.3,238.70195,6.149861,3.775,8,2.833,0,0
2007/11/7,1844.758,193.52,5042,301,6374,19028.967,239.56491,5.481111,3.775,8,2.833,0,0
2007/11/8,1501.06,134.698,1715,314,6500,16488.666,240.75266,4.435,3.775,8,2.833,0,0
2007/11/9,2171.226,113.242,0,4573,15375,16239.1,238.71542,6.3672223,3.775,8,2.833,0,0
2007/11/10,2611.6,237.65201,3697,304,13767,25758.666,239.11041,7.7069445,3.775,8,2.833,0,0
2007/11/11,1887.124,185.61,3445,320,6024,21663.066,240.26027,5.5405555,3.775,8,2.833,0,0
2007/11/12,2156.146,137.468,1018,4165,13281,17471.768,239.82559,6.271944,3.775,8,2.833,0,0
2007/11/13,2214.398,140.952,978,4933,11076,19919.633,241.12299,6.453472,3.775,8,2.833,0,0
2007/11/14,2047.994,141.59,1055,295,16345,16438.232,239.94603,5.9406943,3.775,8,2.833,0,0
2007/11/15,1491.988,133.066,1606,571,7503,15186.467,239.98499,4.3963885,3.775,8,2.833,0,0
2007/11/16,2309.754,123.978,1991,4660,13564,18280.9,240.9835,6.7180557,3.775,8,2.833,0,0
2007/11/17,2610.094,168.03,2588,2199,14990,23724.566,240.60342,7.5988894,3.775,8,2.833,0,0
2007/11/18,2183.858,161.762,5201,2097,7066,22033.633,242.26047,6.3476386,3.775,8,2.833,0,0
2007/11/19,1723.654,112.03,1089,253,10750,16635.566,242.76636,5.00625,3.775,8,2.833,0,0
2007/11/20,2095.856,124.832,1015,3954,11026,18935.934,241.33882,6.090417,3.775,8,2.833,0,0
2007/11/21,1751.836,131.48,1139,549,9455,18054.266,241.49677,5.1149406,3.775,8,2.833,0,0
2007/11/22,1932.378,143.108,2867,297,9001,20041.3,241.56503,5.65625,3.775,8,2.833,0,0
2007/11/23,2522.618,138.912,2168,6181,13685,20009.633,240.72238,7.340694,3.775,8,2.833,0,0
2007/11/24,1899.054,150.512,1573,4131,13451,12495.9,241.80273,5.512639,3.775,8,2.833,0,0
2007/11/25,1395.598,122.776,3556,279,5678,13746.967,242.66115,4.0866666,3.775,8,2.833,0,0
2007/11/26,1569.716,117.05,1088,288,8926,15859.934,241.11649,4.601389,3.775,8,2.833,0,0
2007/11/27,2801.012,139.994,1063,11020,15111,19489.533,241.32109,8.15625,3.775,8,2.833,0,0
2007/11/28,1644.94,115.442,1182,769,7810,17654.666,242.8948,4.7755556,3.775,8,2.833,0,0
2007/11/29,1719.23,118.71,2031,283,8818,17521.834,242.73105,5.018485,3.775,8,2.833,0,0
2007/11/30,2331.728,147.28,0,7941,13601,17320.133,243.48776,6.7572227,3.775,8,2.833,0,0
2007/12/1,3134.942,288.892,9356,353,17847,24693.033,240.26608,9.191527,5.3283000000000005,9.167,4.333,1.167,0
2007/12/2,2946.188,325.082,2090,6915,10636,29462.133,240.73001,8.618611,5.3283000000000005,9.167,4.333,1.167,0
2007/12/3,1762.06,131.914,1141,299,10428,17499.666,241.0796,5.1655555,5.3283000000000005,9.167,4.333,1.167,0
2007/12/4,2067.636,145.016,1012,5828,8561,19059.6,241.53598,6.045139,5.3283000000000005,9.167,4.333,1.167,0
2007/12/5,2153.12,178.398,3422,295,10919,21249.334,241.22789,6.3481946,5.3283000000000005,9.167,4.333,1.167,0
2007/12/6,2487.934,161.936,4751,318,11908,24488.566,239.7101,7.3379164,5.3283000000000005,9.167,4.333,1.167,0
2007/12/7,1769.016,147.64,459,3710,10263,15051.6,240.67105,5.1579165,5.3283000000000005,9.167,4.333,1.167,0
2007/12/8,2213.404,154.34,1133,2354,12283,21120.066,239.55994,6.508055,5.3283000000000005,9.167,4.333,1.167,0
2007/12/9,2274.584,200.936,4176,2428,8728,22577.732,239.91508,6.701528,5.3283000000000005,9.167,4.333,1.167,0
2007/12/10,1758.754,125.012,1102,278,8281,19651.566,241.90384,5.1745834,5.3283000000000005,9.167,4.333,1.167,0
2007/12/11,2305.104,133.698,1050,3817,12740,20811.4,241.46024,6.712222,5.3283000000000005,9.167,4.333,1.167,0
2007/12/12,1588.062,116.886,1152,254,7759,17302.7,242.47632,4.591111,5.3283000000000005,9.167,4.333,1.167,0
2007/12/13,1847.746,111.49,1103,1448,8911,19333.768,241.82735,5.4195833,5.3283000000000005,9.167,4.333,1.167,0
2007/12/14,1974.808,179.55,980,3849,12941,15143.467,241.98592,5.7577777,5.3283000000000005,9.167,4.333,1.167,0
2007/12/15,2736.876,157.626,1706,3687,14313,25908.6,241.28064,7.98,5.3283000000000005,9.167,4.333,1.167,0
2007/12/16,2762.218,126.938,3410,2281,12929,27416.967,242.68498,7.9922223,5.3283000000000005,9.167,4.333,1.167,0
2007/12/17,1797.066,105.098,1636,243,10567,17505.1,242.62576,5.1894374,5.3283000000000005,9.167,4.333,1.167,0
2007/12/18,2623.194,144.08,1123,5810,11093,25693.9,242.94,7.602083,5.3283000000000005,9.167,4.333,1.167,0
2007/12/19,2196.052,109.336,1233,2658,11679,21030.867,242.70111,6.334444,5.3283000000000005,9.167,4.333,1.167,0
2007/12/20,1949.758,119.434,1859,276,13592,16768.967,243.16795,5.6133337,5.3283000000000005,9.167,4.333,1.167,0
2007/12/21,1982.576,106.47,1191,200,12251,19400.934,242.88164,5.71375,5.3283000000000005,9.167,4.333,1.167,0
2007/12/22,2611.264,141.314,3819,4550,12673,22479.066,242.14552,7.593472,5.3283000000000005,9.167,4.333,1.167,0
2007/12/23,2409.048,176.272,1971,3091,11962,23126.8,242.55794,6.982778,5.3283000000000005,9.167,4.333,1.167,0
2007/12/24,2257.848,149.754,2985,2316,14350,17979.8,242.65044,6.5497217,5.3283000000000005,9.167,4.333,1.167,0
2007/12/25,2694.968,151.812,4588,3368,9084,27876.133,242.98087,7.790972,5.3283000000000005,9.167,4.333,1.167,0
2007/12/26,2580.28,140.314,1109,2773,9480,29642.666,242.39241,7.4261107,5.3283000000000005,9.167,4.333,1.167,0
2007/12/27,2532.198,190.582,4122,1490,7960,28631.3,242.1116,7.3958335,5.3283000000000005,9.167,4.333,1.167,0
2007/12/28,3113.052,206.8,1980,8554,15823,25527.2,242.28448,9.030556,5.3283000000000005,9.167,4.333,1.167,0
2007/12/29,3298.956,199.892,4836,2434,14906,32806.6,240.55067,9.56,5.3283000000000005,9.167,4.333,1.167,0
2007/12/30,2558.916,178.436,3595,3597,13485,21971.6,242.09918,7.465694,5.3283000000000005,9.167,4.333,1.167,0
2007/12/31,2216.542,145.536,0,3457,14071,19414.367,241.09479,6.455,5.3283000000000005,9.167,4.333,1.167,0
2008/1/1,2759.738,142.508,2461,2739,12355,28440.633,241.03668,7.9786115,5.536,10.4,3.2,2,0.2
2008/1/2,1644.106,111.666,0,3094,8987,15320.767,242.41745,4.7704167,5.536,10.4,3.2,2,0.2
2008/1/3,1510.108,121.182,1130,846,6671,16521.467,243.07745,4.4016666,5.536,10.4,3.2,2,0.2
2008/1/4,2291.852,136.706,1241,5326,11752,19878.533,241.27338,6.715139,5.536,10.4,3.2,2,0.2
2008/1/5,2183.248,129.464,2113,286,14591,19397.467,238.82294,6.446806,5.536,10.4,3.2,2,0.2
2008/1/6,1825.184,116.958,1966,2445,7824,18184.732,239.40729,5.3901386,5.536,10.4,3.2,2,0.2
2008/1/7,1695.814,116.172,1288,282,10294,16399.566,240.74394,4.915278,5.536,10.4,3.2,2,0.2
2008/1/8,2043.55,127.452,2197,3511,9793,18558.166,240.82181,5.99,5.536,10.4,3.2,2,0.2
2008/1/9,1788.44,125.336,1162,284,8963,19398.334,241.25864,5.2319446,5.536,10.4,3.2,2,0.2
2008/1/10,1894.076,120.504,1307,285,9992,19983.934,240.80714,5.5945835,5.536,10.4,3.2,2,0.2
2008/1/11,1705.818,95.484,1261,290,7997,18882.3,240.41005,4.9634724,5.536,10.4,3.2,2,0.2
2008/1/12,2871.408,162.724,5594,2621,11116,28525.8,239.96017,8.52389,5.536,10.4,3.2,2,0.2
2008/1/13,2881.656,144.278,6505,340,9362,31820.6,239.75119,8.44934,5.536,10.4,3.2,2,0.2
2008/1/14,2024.932,120.11,5918,339,9738,17753.867,240.299,6.014583,5.536,10.4,3.2,2,0.2
2008/1/15,2686.912,113.144,782,6883,14512,22604.867,240.70949,7.89125,5.536,10.4,3.2,2,0.2
2008/1/16,2135.852,128.93001,1162,3430,9391,21614.533,240.42213,6.3195834,5.536,10.4,3.2,2,0.2
2008/1/17,1572.282,116.718,1007,350,8657,16190.7,241.62799,4.645,5.536,10.4,3.2,2,0.2
2008/1/18,2186.988,119.29,1034,846,14983,19586.8,239.93292,6.4322224,5.536,10.4,3.2,2,0.2
2008/1/19,1980.306,134.982,2521,6054,8015,16415.1,239.60593,5.8288884,5.536,10.4,3.2,2,0.2
2008/1/20,1740.368,138.614,1775,380,4940,21911.133,239.94453,5.1488886,5.536,10.4,3.2,2,0.2
2008/1/21,1858.998,122.4,0,376,10447,20160.3,239.56476,5.5190277,5.536,10.4,3.2,2,0.2
2008/1/22,2325.018,143.462,4670,7640,7552,18888.3,240.09477,6.92875,5.536,10.4,3.2,2,0.2
2008/1/23,1882.308,107.984,1116,387,13359,16509.8,240.90706,5.520278,5.536,10.4,3.2,2,0.2
2008/1/24,1645.022,104.306,1107,320,5935,20055.033,240.77924,4.8879166,5.536,10.4,3.2,2,0.2
2008/1/25,2239.856,119.626,0,2421,11409,23500.934,240.70544,6.5440283,5.536,10.4,3.2,2,0.2
2008/1/26,2834.988,168.422,4925,311,15606,26407.8,239.7602,8.366667,5.536,10.4,3.2,2,0.2
2008/1/27,2381.766,140.758,3725,3818,7367,24786.1,241.30367,6.9848614,5.536,10.4,3.2,2,0.2
2008/1/28,2308.196,107.836,1142,280,12792,24255.934,240.46678,6.7695837,5.536,10.4,3.2,2,0.2
2008/1/29,2676.024,117.176,1487,6199,11077,25837.4,240.62311,7.842222,5.536,10.4,3.2,2,0.2
2008/1/30,1640.646,116.47,0,261,7261,19822.1,241.61465,4.826389,5.536,10.4,3.2,2,0.2
2008/1/31,1953.922,137.576,1165,267,9437,21696.367,241.88574,5.7933335,5.536,10.4,3.2,2,0.2
2008/2/1,1534.652,179.25,336,280,7241,17720.533,240.36026,4.5176387,2.7933,7.833,1.667,0.833,0
2008/2/2,2936.034,230.968,6247,2764,15188,24734.9,240.29053,8.649479,2.7933,7.833,1.667,0.833,0
2008/2/3,2084.568,153.70801,2319,4435,8452,19536.8,240.34071,6.1356945,2.7933,7.833,1.667,0.833,0
2008/2/4,1628.138,104.034,1161,252,9531,16191.634,240.2552,4.777222,2.7933,7.833,1.667,0.833,0
2008/2/5,2472.456,152.786,1098,7803,13717,18589.6,240.97691,7.2105556,2.7933,7.833,1.667,0.833,0
2008/2/6,1669.54,114.26,2114,356,8428,16927.666,238.41371,4.933611,2.7933,7.833,1.667,0.833,0
2008/2/7,1518.31,108.706,0,295,8089,16921.166,241.07056,4.439306,2.7933,7.833,1.667,0.833,0
2008/2/8,1950.564,119.094,940,1921,9563,20085.4,240.43312,5.7472224,2.7933,7.833,1.667,0.833,0
2008/2/9,2102.2761,144.528,2050,2838,10293,19856.934,241.7645,6.0899997,2.7933,7.833,1.667,0.833,0
2008/2/10,2184.714,151.73601,2562,2955,10128,20766.9,241.27519,6.396806,2.7933,7.833,1.667,0.833,0
2008/2/11,1692.016,102.246,1018,297,8930,17955.268,241.69218,4.9318056,2.7933,7.833,1.667,0.833,0
2008/2/12,1987.798,130.946,2009,1856,12138,17126.967,239.50916,5.847083,2.7933,7.833,1.667,0.833,0
2008/2/13,1900.498,128.478,2530,3615,7568,17961.967,241.20311,5.5801387,2.7933,7.833,1.667,0.833,0
2008/2/14,1604.622,113.646,1300,291,9299,15853.7,240.76482,4.68375,2.7933,7.833,1.667,0.833,0
2008/2/15,2005.208,107.952,1109,1723,13417,17171.133,241.89061,5.78125,2.7933,7.833,1.667,0.833,0
2008/2/16,2346.948,138.994,1076,2360,11599,24080.8,241.08757,6.893889,2.7933,7.833,1.667,0.833,0
2008/2/17,1933.368,120.076004,3182,2257,6049,20734.8,242.46983,5.654444,2.7933,7.833,1.667,0.833,0
2008/2/18,1514.404,101.972,0,251,10345,14644.066,242.06393,4.37625,2.7933,7.833,1.667,0.833,0
2008/2/19,2126.916,137.568,1881,4711,11200,17656.6,241.01013,6.2197223,2.7933,7.833,1.667,0.833,0
2008/2/20,2253.79,190.268,3655,5516,7704,20688.166,241.66968,6.608333,2.7933,7.833,1.667,0.833,0
2008/2/21,1633.85,112.274,0,307,8523,18400.834,240.7504,4.788472,2.7933,7.833,1.667,0.833,0
2008/2/22,1732.564,121.688,1167,1985,10101,15623.066,241.43576,5.055278,2.7933,7.833,1.667,0.833,0
2008/2/23,1833.97,132.504,1684,2250,10040,16592.166,239.67264,5.411544,2.7933,7.833,1.667,0.833,0
2008/2/24,1263.008,107.332,754,332,11447,8517.134,240.37779,3.6388888,2.7933,7.833,1.667,0.833,0
2008/2/25,504.488,91.72,0,321,1856,6231.1333,239.776,1.4555556,2.7933,7.833,1.667,0.833,0
2008/2/26,507.12,84.590004,0,295,2013,6144,239.53334,1.4590278,2.7933,7.833,1.667,0.833,0
2008/2/27,566.72,86.168,0,326,2969,6150.3335,239.55402,1.6341666,2.7933,7.833,1.667,0.833,0
2008/2/28,509.184,83.248,0,281,2028,6177.4,239.80428,1.4669443,2.7933,7.833,1.667,0.833,0
2008/2/29,1333.348,88.948,0,3773,8062,10387.467,238.0385,3.872639,2.7933,7.833,1.667,0.833,0
2008/3/1,1141.876,105.158,0,1287,2724,15020.267,239.4315,3.2776387,8.4383,18.333,6.833,1.333,0
2008/3/2,1162.226,144.71,0,5244,2565,11561.434,239.74625,3.425,8.4383,18.333,6.833,1.333,0
2008/3/3,1040.55,114.334,0,2207,1755,13380.5,240.35199,2.9775,8.4383,18.333,6.833,1.333,0
2008/3/4,1668.99,108.958,1249,2443,9415,14709.5,241.02641,4.8676386,8.4383,18.333,6.833,1.333,0
2008/3/5,2037.208,140.898,1145,9797,5529,17482.467,241.06523,5.9708333,8.4383,18.333,6.833,1.333,0
2008/3/6,2503.208,106.184,1082,372,6965,33301.133,240.42923,7.2145834,8.4383,18.333,6.833,1.333,0
2008/3/7,1862.956,129.392,1235,3471,9033,17310.268,240.81606,5.4416666,8.4383,18.333,6.833,1.333,0
2008/3/8,2248.66,237.08,6286,346,8435,22410.666,241.59096,6.5883336,8.4383,18.333,6.833,1.333,0
2008/3/9,1560.458,135.574,2607,333,4155,18912.633,240.74637,4.591111,8.4383,18.333,6.833,1.333,0
2008/3/10,1618.686,127.124,2009,368,8660,15941.1,241.72734,4.7125,8.4383,18.333,6.833,1.333,0
2008/3/11,2200.042,151.1,1271,3901,12936,18559.367,240.42415,6.4669447,8.4383,18.333,6.833,1.333,0
2008/3/12,1774.232,138.194,1120,2374,11042,15034.533,241.0572,5.172222,8.4383,18.333,6.833,1.333,0
2008/3/13,1675.514,128.474,3263,3590,5464,15608.233,240.80263,4.9416666,8.4383,18.333,6.833,1.333,0
2008/3/14,2210.22,159.748,980,3881,14476,17500,240.62737,6.44625,8.4383,18.333,6.833,1.333,0
2008/3/15,1576.3,154.412,2550,502,5910,17309.666,240.198,4.6506944,8.4383,18.333,6.833,1.333,0
2008/3/16,1801.96,173.652,2394,566,11286,15786.667,241.29466,5.298333,8.4383,18.333,6.833,1.333,0
2008/3/17,1706.918,175.274,236,6651,9346,12215.634,240.80524,5.0069447,8.4383,18.333,6.833,1.333,0
2008/3/18,1917.566,147.44,1156,4019,12544,14240.434,241.92899,5.5719447,8.4383,18.333,6.833,1.333,0
2008/3/19,1308.448,142.498,2110,411,6154,13132.467,242.4022,3.8255553,8.4383,18.333,6.833,1.333,0
2008/3/20,1253.274,120.854004,1107,478,6670,12632.9,241.76259,3.659583,8.4383,18.333,6.833,1.333,0
2008/3/21,2066.442,223.824,2171,4778,13275,14216.7,241.3699,6.0381947,8.4383,18.333,6.833,1.333,0
2008/3/22,2053.516,185.68001,3322,588,12405,17910.268,241.61215,6.020278,8.4383,18.333,6.833,1.333,0
2008/3/23,2325.99,152.446,6279,2112,13878,16497.5,242.65262,6.790556,8.4383,18.333,6.833,1.333,0
2008/3/24,1974.668,131.05,1131,5988,7008,18784.133,242.70726,5.7578874,8.4383,18.333,6.833,1.333,0
2008/3/25,2015.856,127.832,2246,3677,13494,14180.6,242.13821,5.8705554,8.4383,18.333,6.833,1.333,0
2008/3/26,1633.472,133.598,2547,3831,7547,13299.533,242.80981,4.7630553,8.4383,18.333,6.833,1.333,0
2008/3/27,1370.822,116.44,0,356,9022,13469.033,242.09555,3.9608333,8.4383,18.333,6.833,1.333,0
2008/3/28,1885.424,137.64,2325,3605,11581,13912.733,242.32335,5.4790277,8.4383,18.333,6.833,1.333,0
2008/3/29,2471.15,175.068,5153,375,17240,18417.834,241.25356,7.209306,8.4383,18.333,6.833,1.333,0
2008/3/30,2146.392,175.97,5045,1315,9769,19644.2,241.16376,6.2774997,8.4383,18.333,6.833,1.333,0
2008/3/31,1377.57,130.86,1091,411,9387,12070.5,242.72704,4.0059724,8.4383,18.333,6.833,1.333,0
2008/4/1,2129.052,170.396,1079,6657,14515,13233.2,241.6158,6.2025,5.9833,13,4.667,0.833,0
2008/4/2,1691.672,142.54,1106,3674,7989,15425.533,238.66716,5.007639,5.9833,13,4.667,0.833,0
2008/4/3,1128.756,121.236,0,422,6901,11489.6,240.69424,3.2808332,5.9833,13,4.667,0.833,0
2008/4/4,1631.918,125.306,2133,775,13246,11044.634,241.33105,4.726389,5.9833,13,4.667,0.833,0
2008/4/5,1970.762,203.684,2929,874,13644,15399.033,240.55803,5.784861,5.9833,13,4.667,0.833,0
2008/4/6,1696.318,150.572,1124,2615,7552,16980.967,241.14961,4.9463887,5.9833,13,4.667,0.833,0
2008/4/7,1538.838,141.28,2420,672,9466,13089.3,243.22832,4.4841666,5.9833,13,4.667,0.833,0
2008/4/8,2657.516,184.176,2752,10713,17519,13307.934,242.06657,7.699445,5.9833,13,4.667,0.833,0
2008/4/9,1218.852,132.864,0,376,9003,10935.2,242.3177,3.5229166,5.9833,13,4.667,0.833,0
2008/4/10,1477.746,163.68001,3261,457,6527,14384.1,241.94905,4.3054166,5.9833,13,4.667,0.833,0
2008/4/11,1877.6641,143.89,1802,491,14522,14479.4,240.75838,5.4526386,5.9833,13,4.667,0.833,0
2008/4/12,2800.014,392.272,7076,2499,15225,21866.9,241.06317,8.218195,5.9833,13,4.667,0.833,0
2008/4/13,2232.986,213.514,2554,5942,13007,15713.434,240.42332,6.5518055,5.9833,13,4.667,0.833,0
2008/4/14,1589.582,154.95801,0,425,11197,14871.033,242.31406,4.6043057,5.9833,13,4.667,0.833,0
2008/4/15,1670.406,178.782,1174,3998,9874,12794.1,241.23874,4.909583,5.9833,13,4.667,0.833,0
2008/4/16,1489.064,125.904,838,403,11322,12254.733,241.74438,4.316111,5.9833,13,4.667,0.833,0
2008/4/17,1395.862,145.878,1719,417,8638,12490.366,241.4036,4.1043057,5.9833,13,4.667,0.833,0
2008/4/18,1862.39,184.646,2174,3832,10921,14112.833,240.64159,5.4576387,5.9833,13,4.667,0.833,0
2008/4/19,2253.71,245.284,4319,2457,14722,16063.833,241.14319,6.6361113,5.9833,13,4.667,0.833,0
2008/4/20,1791.418,227.854,1030,4544,10401,13881.967,241.43288,5.2605557,5.9833,13,4.667,0.833,0
2008/4/21,1164.156,175.4,0,2673,6788,9941.6,241.9925,3.4041667,5.9833,13,4.667,0.833,0
2008/4/22,1627.676,193.15,971,5093,10603,10460.934,240.95972,4.7725,5.9833,13,4.667,0.833,0
2008/4/23,1357.328,189.502,1380,492,8406,12344.134,241.51135,3.9675002,5.9833,13,4.667,0.833,0
2008/4/24,1043.772,171.924,1263,522,5296,10315.2,240.60532,3.0580556,5.9833,13,4.667,0.833,0
2008/4/25,1267.734,162.224,824,2004,9400,8900.9,241.00716,3.7,5.9833,13,4.667,0.833,0
2008/4/26,903.166,168.696,0,634,3586,10832.767,240.79256,2.6340277,5.9833,13,4.667,0.833,0
2008/4/27,1008.24,198.118,693,588,5488,10035,240.90729,2.96375,5.9833,13,4.667,0.833,0
2008/4/28,659.052,167.118,0,621,2786,7577.2,240.97845,1.9506944,5.9833,13,4.667,0.833,0
2008/4/29,1972.616,215.356,1402,5411,10481,15582.934,240.7069,5.7706943,5.9833,13,4.667,0.833,0
2008/4/30,1101.726,171.556,1057,590,6653,10062.1,241.43364,3.218611,5.9833,13,4.667,0.833,0
2008/5/1,576.014,150.696,0,530,2586,6484.2334,241.44627,1.702361,6.995,8.5,4.5,1.667,0
2008/5/2,1497.768,205.568,3114,584,8687,12577.8,241.64894,4.3777776,6.995,8.5,4.5,1.667,0
2008/5/3,1289.6,202.004,996,541,6535,13421.333,240.83368,3.8009722,6.995,8.5,4.5,1.667,0
2008/5/4,1470.97,209.422,2196,2872,5464,13984.167,241.38046,4.3625,6.995,8.5,4.5,1.667,0
2008/5/5,1366.932,185.75,1008,378,10197,11199.2,240.73685,3.9977777,6.995,8.5,4.5,1.667,0
2008/5/6,1789.98,199.596,1354,5410,12200,10869,240.29031,5.245972,6.995,8.5,4.5,1.667,0
2008/5/7,1176.264,190.956,1030,423,6649,11502.4,241.08127,3.4575,6.995,8.5,4.5,1.667,0
2008/5/8,2116.698,253.244,3667,702,12717,18192.3,239.8513,6.178472,6.995,8.5,4.5,1.667,0
2008/5/9,1747.272,229.87401,2229,423,11904,14565.2,240.47122,5.1361113,6.995,8.5,4.5,1.667,0
2008/5/10,1909.128,289.814,6950,612,11714,12542.8,240.08621,5.636389,6.995,8.5,4.5,1.667,0
2008/5/11,1610.92,275.702,563,1340,6930,18015.666,240.4856,4.804167,6.995,8.5,4.5,1.667,0
2008/5/12,1524.204,229.14,2082,1085,11959,10277.4,241.04163,4.5194445,6.995,8.5,4.5,1.667,0
2008/5/13,1476.894,236.468,823,4089,8370,11332.9,240.37407,4.3918056,6.995,8.5,4.5,1.667,0
2008/5/14,1584.262,277.374,2467,3436,9716,10785.366,240.70851,4.7133336,6.995,8.5,4.5,1.667,0
2008/5/15,1162.768,237.724,868,570,6820,11121.467,240.35039,3.5220833,6.995,8.5,4.5,1.667,0
2008/5/16,1648.03,235.202,2228,2565,8955,13719.167,239.62024,4.922253,6.995,8.5,4.5,1.667,0
2008/5/17,1657.454,275.896,2158,935,12472,12059.233,239.47285,4.951528,6.995,8.5,4.5,1.667,0
2008/5/18,1803.958,254.492,1775,5355,8626,14309.967,239.68268,5.4094443,6.995,8.5,4.5,1.667,0
2008/5/19,1030.262,175.736,1014,558,7503,8096.033,240.43188,3.0694444,6.995,8.5,4.5,1.667,0
2008/5/20,1581.334,184.082,1352,2431,11977,10595.566,241.01959,4.6822224,6.995,8.5,4.5,1.667,0
2008/5/21,1324.112,190.326,1989,474,9251,10354.533,240.7605,3.9166667,6.995,8.5,4.5,1.667,0
2008/5/22,976.868,169.816,996,440,6475,8370.134,239.5002,2.9559722,6.995,8.5,4.5,1.667,0
2008/5/23,1484.916,178.958,0,1390,14734,8624.6,239.49886,4.358611,6.995,8.5,4.5,1.667,0
2008/5/24,1580.176,285.55,1027,569,12833,11907.267,240.72491,4.669028,6.995,8.5,4.5,1.667,0
2008/5/25,2048.504,290.416,4307,8811,6016,15007.733,239.94563,6.1365275,6.995,8.5,4.5,1.667,0
2008/5/26,1289.71,220.698,985,666,9284,10560.167,240.3637,3.929722,6.995,8.5,4.5,1.667,0
2008/5/27,1708.7,207.466,0,5352,11478,11648.333,239.39087,5.1073613,6.995,8.5,4.5,1.667,0
2008/5/28,1114.372,235.644,3138,512,6709,8213.866,241.3227,3.3505554,6.995,8.5,4.5,1.667,0
2008/5/29,1135.076,186.832,1004,507,8703,8703.934,237.67516,3.4756944,6.995,8.5,4.5,1.667,0
2008/5/30,1397.244,182.218,0,3019,11298,8970.4,240.5537,4.2029166,6.995,8.5,4.5,1.667,0
2008/5/31,1641.47,249.924,1764,2328,11858,11407.833,240.6542,4.9230556,6.995,8.5,4.5,1.667,0
2008/6/1,1848.876,225.34,1906,545,11307,17056.6,240.62318,5.4231944,1.7167000000000001,5.167,0.667,0,0
2008/6/2,1074.012,165.158,960,558,6341,10041.2,236.36987,3.2180555,1.7167000000000001,5.167,0.667,0,0
2008/6/3,1597.816,173.938,2897,2608,9265,11860.267,234.1522,4.8441668,1.7167000000000001,5.167,0.667,0,0
2008/6/4,1588.912,152.404,1550,7682,6508,10741.866,234.70647,4.827778,1.7167000000000001,5.167,0.667,0,0
2008/6/5,1120.078,153.106,1747,506,8781,7633.967,235.16382,3.397639,1.7167000000000001,5.167,0.667,0,0
2008/6/6,1217.714,174.52,1009,506,7871,10909.233,239.71693,3.6720831,1.7167000000000001,5.167,0.667,0,0
2008/6/7,1882.484,186.414,2379,2611,14593,11791.733,238.98444,5.5319443,1.7167000000000001,5.167,0.667,0,0
2008/6/8,1542.322,188.384,2536,3161,9732,10276.367,239.96494,4.596111,1.7167000000000001,5.167,0.667,0,0
2008/6/9,1325.698,183.64,1967,2085,7921,10121.967,239.43468,4.0397224,1.7167000000000001,5.167,0.667,0,0
2008/6/10,1067.09,216.018,907,585,8992,7300.8335,239.97804,3.2048612,1.7167000000000001,5.167,0.667,0,0
2008/6/11,1123.206,214.372,977,842,7566,9335.1,240.15446,3.388472,1.7167000000000001,5.167,0.667,0,0
2008/6/12,1259.332,189.292,1951,567,7246,11224.866,239.69002,3.7993054,1.7167000000000001,5.167,0.667,0,0
2008/6/13,1874.28,281.816,2809,7358,10531,10540,238.88759,5.6059766,1.7167000000000001,5.167,0.667,0,0
2008/6/14,1384.92,344.28,1862,1011,10681,9528,240.0145,4.207778,1.7167000000000001,5.167,0.667,0,0
2008/6/15,2289.102,281.006,6471,6802,11589,13289.7,239.45374,6.773611,1.7167000000000001,5.167,0.667,0,0
2008/6/16,1303.044,204.382,1980,464,10012,9261.4,240.43346,3.904722,1.7167000000000001,5.167,0.667,0,0
2008/6/17,1145.084,175.464,1080,432,10094,7478.7334,240.35443,3.4345832,1.7167000000000001,5.167,0.667,0,0
2008/6/18,1893.608,272.724,7549,3040,12687,8284.134,239.73987,5.711389,1.7167000000000001,5.167,0.667,0,0
2008/6/19,1588.082,189.418,3411,1514,10911,10632.033,239.27267,4.737917,1.7167000000000001,5.167,0.667,0,0
2008/6/20,1676.104,227.42,2948,2935,12417,9635.066,239.9392,5.0081944,1.7167000000000001,5.167,0.667,0,0
2008/6/21,1734.254,239.028,940,5823,12828,9313.233,239.46341,5.1341667,1.7167000000000001,5.167,0.667,0,0
2008/6/22,1566.416,294.144,4705,1175,10652,9574.934,239.04411,4.674028,1.7167000000000001,5.167,0.667,0,0
2008/6/23,1251.796,210.956,2600,581,10124,7558.2666,238.93765,3.7919443,1.7167000000000001,5.167,0.667,0,0
2008/6/24,1754.452,253.022,2779,3489,14271,8701.866,237.91539,5.2622223,1.7167000000000001,5.167,0.667,0,0
2008/6/25,1261.77,290.626,2773,569,9402,8285.5,238.8949,3.910972,1.7167000000000001,5.167,0.667,0,0
2008/6/26,1056.02,217.414,921,572,8971,7136.3335,239.35141,3.211111,1.7167000000000001,5.167,0.667,0,0
2008/6/27,1755.152,262.008,4159,2372,10163,12558.533,238.93498,5.2366667,1.7167000000000001,5.167,0.667,0,0
2008/6/28,1208.8,210.954,0,2000,7932,10214.667,239.14238,3.685972,1.7167000000000001,5.167,0.667,0,0
2008/6/29,749.352,183.664,955,535,3896,7103.2,240.16066,2.3311112,1.7167000000000001,5.167,0.667,0,0
2008/6/30,804.196,189.526,0,521,6819,6063.2666,240.37613,2.4791667,1.7167000000000001,5.167,0.667,0,0
2008/7/1,1215.24,277.788,3465,587,8390,7812,239.5403,3.74,3.8017000000000003,5.5,2.333,0.833,0
2008/7/2,1147.202,266.538,962,650,7002,10506.033,238.96198,3.5695834,3.8017000000000003,5.5,2.333,0.833,0
2008/7/3,1098.36,213.748,958,2569,7410,7369,239.6355,3.3431945,3.8017000000000003,5.5,2.333,0.833,0
2008/7/4,942.02,188.132,0,589,8302,6809.3335,240.17964,2.8283334,3.8017000000000003,5.5,2.333,0.833,0
2008/7/5,1469.088,224.78,1875,6754,8365,7490.8,239.56477,4.386528,3.8017000000000003,5.5,2.333,0.833,0
2008/7/6,1805.064,253.582,4258,5230,7536,13060.4,240.59024,5.3594446,3.8017000000000003,5.5,2.333,0.833,0
2008/7/7,983.39,202.81,2171,592,7149,6477.8335,239.63373,2.968611,3.8017000000000003,5.5,2.333,0.833,0
2008/7/8,1126.214,196.318,991,503,7592,9684.233,239.70062,3.3713887,3.8017000000000003,5.5,2.333,0.833,0
2008/7/9,919.318,191.724,951,499,7352,6519.967,240.32957,2.7752776,3.8017000000000003,5.5,2.333,0.833,0
2008/7/10,1251.276,240.242,982,552,8186,11134.6,239.86775,3.7434723,3.8017000000000003,5.5,2.333,0.833,0
2008/7/11,1254.216,251.036,724,558,9251,10370.6,239.5169,3.7822223,3.8017000000000003,5.5,2.333,0.833,0
2008/7/12,1328.852,266.124,4436,2617,7231,7863.533,240.0593,4.050417,3.8017000000000003,5.5,2.333,0.833,0
2008/7/13,1253.754,166.908,1671,3164,7056,9004.9,240.29123,3.7691238,3.8017000000000003,5.5,2.333,0.833,0
2008/7/14,1137.926,209.668,2564,1995,6436,7970.433,240.49419,3.4316669,3.8017000000000003,5.5,2.333,0.833,0
2008/7/15,1155.86,190.936,968,552,8585,9159.333,239.78145,3.4356945,3.8017000000000003,5.5,2.333,0.833,0
2008/7/16,1077.062,206.462,1537,2799,4978,8637.033,240.59338,3.2368054,3.8017000000000003,5.5,2.333,0.833,0
2008/7/17,1319.122,239.506,1122,723,8280,11860.366,239.91704,4.0266666,3.8017000000000003,5.5,2.333,0.833,0
2008/7/18,1261.584,195.606,1143,552,9260,10071.4,239.5772,3.7369447,3.8017000000000003,5.5,2.333,0.833,0
2008/7/19,1344.014,208.03,2941,3146,7676,8637.233,239.15112,4.019722,3.8017000000000003,5.5,2.333,0.833,0
2008/7/20,941.534,172.576,1943,1076,5457,7216.2334,239.7777,2.8363888,3.8017000000000003,5.5,2.333,0.833,0
2008/7/21,1156.478,172.45,1698,431,9189,7956.6333,239.1017,3.4820836,3.8017000000000003,5.5,2.333,0.833,0
2008/7/22,740.242,161.128,0,430,4886,7021.3667,239.67032,2.272639,3.8017000000000003,5.5,2.333,0.833,0
2008/7/23,942.63,162.392,1233,454,6325,7698.5,240.09612,2.8494446,3.8017000000000003,5.5,2.333,0.833,0
2008/7/24,1093.45,185.882,837,476,8344,8567.167,239.88377,3.2215278,3.8017000000000003,5.5,2.333,0.833,0
2008/7/25,865.534,182.714,1168,492,6731,6034.567,239.0572,2.6183333,3.8017000000000003,5.5,2.333,0.833,0
2008/7/26,815.684,213.318,0,948,6243,6403.7334,240.02869,2.4944444,3.8017000000000003,5.5,2.333,0.833,0
2008/7/27,1147.396,233.138,1063,858,8385,8817.267,238.47116,3.5125,3.8017000000000003,5.5,2.333,0.833,0
2008/7/28,825.804,198.514,0,509,5963,7291.4,239.99368,2.5743055,3.8017000000000003,5.5,2.333,0.833,0
2008/7/29,1166.558,208.384,1571,530,5802,11539.634,240.24887,3.6408331,3.8017000000000003,5.5,2.333,0.833,0
2008/7/30,1299.908,227.536,2548,773,6278,12066.134,239.08559,4.065139,3.8017000000000003,5.5,2.333,0.833,0
2008/7/31,1392.6381,243.476,1533,2808,7588,11281.634,240.09569,4.2318053,3.8017000000000003,5.5,2.333,0.833,0
2008/8/1,739.576,252.704,586,1150,5091,5499.2666,239.80545,2.3279166,6.428,6.4,3,1.8,0
2008/8/2,505.776,178.294,0,504,3803,4122.6,239.12874,1.5879167,6.428,6.4,3,1.8,0
2008/8/3,504.782,166.052,0,499,3926,3988.0332,237.05443,1.5766666,6.428,6.4,3,1.8,0
2008/8/4,1125.92,193.62,596,4677,4410,9082.333,237.86346,3.4172342,6.428,6.4,3,1.8,0
2008/8/5,827.118,180.248,635,509,7118,5523.3,238.73647,2.5059724,6.428,6.4,3,1.8,0
2008/8/6,326.112,214.504,0,513,2215,2707.2,240.56583,1.0904167,6.428,6.4,3,1.8,0
2008/8/7,334.884,214.94,0,526,2357,2698.4,239.31233,1.1206945,6.428,6.4,3,1.8,0
2008/8/8,302.2,196.448,0,481,1980,2575.6667,239.45653,1.0055555,6.428,6.4,3,1.8,0
2008/8/9,358.924,199.99,0,489,1902,3591.0667,240.71046,1.1602778,6.428,6.4,3,1.8,0
2008/8/10,352.032,189.106,0,464,1905,3498.2,240.2649,1.1225001,6.428,6.4,3,1.8,0
2008/8/11,371.91602,187.62,0,489,1880,3829.6,240.71832,1.1706945,6.428,6.4,3,1.8,0
2008/8/12,288.984,187.042,0,462,1844,2510.4,240.04828,0.9534722,6.428,6.4,3,1.8,0
2008/8/13,282.584,183.836,0,451,1789,2469.7334,240.8715,0.9315278,6.428,6.4,3,1.8,0
2008/8/14,270.258,177.966,0,441,1641,2422.3,241.14088,0.885,6.428,6.4,3,1.8,0
2008/8/15,273.654,178.178,0,439,1691,2430.9,241.15816,0.8959722,6.428,6.4,3,1.8,0
2008/8/16,274.814,181.678,0,442,1688,2450.2334,242.09535,0.8994444,6.428,6.4,3,1.8,0
2008/8/17,274.796,179.516,0,445,1710,2424.9333,241.18344,0.8977778,6.428,6.4,3,1.8,0
2008/8/18,273.758,178.098,0,440,1719,2403.6333,241.35583,0.8943056,6.428,6.4,3,1.8,0
2008/8/19,274.692,180.622,0,442,1697,2439.2,240.89473,0.90333337,6.428,6.4,3,1.8,0
2008/8/20,268.47202,178.064,0,437,1626,2411.5334,241.5437,0.8833333,6.428,6.4,3,1.8,0
2008/8/21,261.298,168.972,0,432,1577,2345.9668,240.29565,0.8497222,6.428,6.4,3,1.8,0
2008/8/22,267.124,174.654,0,438,1614,2400.0667,240.88225,0.87208337,6.428,6.4,3,1.8,0
2008/8/23,254.642,169.422,0,419,1485,2340.0334,242.14267,0.8308334,6.428,6.4,3,1.8,0
2008/8/24,254.716,163.91,0,404,1523,2318.2666,241.61342,0.8263889,6.428,6.4,3,1.8,0
2008/8/25,250.298,163.87,0,422,1436,2313.6333,241.47398,0.80833334,6.428,6.4,3,1.8,0
2008/8/26,257.564,166.566,0,420,1533,2339.7334,241.11955,0.8372222,6.428,6.4,3,1.8,0
2008/8/27,258.114,165.872,0,399,1539,2363.9001,240.57648,0.8331945,6.428,6.4,3,1.8,0
2008/8/28,268.246,174.098,0,432,1631,2407.7666,240.54265,0.875,6.428,6.4,3,1.8,0
2008/8/29,267.588,171.186,0,430,1599,2430.8,240.33546,0.875,6.428,6.4,3,1.8,0
2008/8/30,270.424,177.552,0,435,1619,2453.0667,240.51399,0.88624996,6.428,6.4,3,1.8,0
2008/8/31,1500.614,210.418,2056,3733,12117,7104.2334,240.01764,4.4503126,6.428,6.4,3,1.8,0
2008/9/1,1247.51,184.48601,950,521,10183,9137.833,239.91591,3.7324998,2.27,6.2,1,0.6,0
2008/9/2,1384.154,224.634,4273,1206,6648,10942.233,239.32896,4.1415277,2.27,6.2,1,0.6,0
2008/9/3,1388.486,179.288,1326,1902,10213,9700.434,240.02945,4.118611,2.27,6.2,1,0.6,0
2008/9/4,1225.22,151.872,2225,404,9408,8383.333,238.6635,3.654722,2.27,6.2,1,0.6,0
2008/9/5,873.96,147.23601,379,431,6943,6813,239.59058,2.6055555,2.27,6.2,1,0.6,0
2008/9/6,1868.574,238.292,2948,6500,13400,8294.9,239.33978,5.5244446,2.27,6.2,1,0.6,0
2008/9/7,1372.656,176.444,3612,1707,5976,11582.6,240.5887,4.0808334,2.27,6.2,1,0.6,0
2008/9/8,1309.324,160.574,747,2293,9559,9223.066,241.38184,3.8533332,2.27,6.2,1,0.6,0
2008/9/9,1159.654,180.67,236,453,7728,10910.566,239.78166,3.4644444,2.27,6.2,1,0.6,0
2008/9/10,1300.764,166.43001,1009,399,10281,9990.4,239.48058,3.8574998,2.27,6.2,1,0.6,0
2008/9/11,1028.714,192.038,1005,417,7644,8079.2334,239.09981,3.080278,2.27,6.2,1,0.6,0
2008/9/12,1392.762,178.298,1867,402,8738,12205.7,239.96832,4.1445837,2.27,6.2,1,0.6,0
2008/9/13,1631.436,186.192,930,5433,11807,9020.6,240.12454,4.820139,2.27,6.2,1,0.6,0
2008/9/14,1576.326,193.746,4673,445,6538,14616.1,239.88898,4.735,2.27,6.2,1,0.6,0
2008/9/15,1697.708,136.118,960,364,10322,16649.133,240.2559,5.0718055,2.27,6.2,1,0.6,0
2008/9/16,1221.862,156.06,0,368,8249,11747.366,240.94875,3.6193054,2.27,6.2,1,0.6,0
2008/9/17,1519.21,177.168,1910,3727,9371,10312.167,240.65668,4.4897223,2.27,6.2,1,0.6,0
2008/9/18,1505.29,189.376,4202,357,7991,12538.167,240.32715,4.4473615,2.27,6.2,1,0.6,0
2008/9/19,1518.846,166.768,1569,351,12367,11027.1,240.35712,4.4787498,2.27,6.2,1,0.6,0
2008/9/20,1304.6,156.204,0,370,12477,8896.333,240.59412,3.8055556,2.27,6.2,1,0.6,0
2008/9/21,1533.07,206.262,4010,2381,8347,10813.167,240.94017,4.5602775,2.27,6.2,1,0.6,0
2008/9/22,1358.564,151.524,1014,2448,10227,8953.733,240.20915,4.012639,2.27,6.2,1,0.6,0
2008/9/23,1232.788,165.128,0,2168,7920,10458.467,240.18335,3.684167,2.27,6.2,1,0.6,0
2008/9/24,1718.35,173.472,2019,4730,10548,11342.167,240.12578,5.0316668,2.27,6.2,1,0.6,0
2008/9/25,1131.22,173.77,1012,751,8485,8605.667,240.29031,3.34375,2.27,6.2,1,0.6,0
2008/9/26,1431.45,211.572,1221,370,10890,11376.5,240.39362,4.2395835,2.27,6.2,1,0.6,0
2008/9/27,2127.446,257.04,4347,2584,12688,15838.434,240.14648,6.258611,2.27,6.2,1,0.6,0
2008/9/28,1731.104,163.968,1920,385,11242,15304.733,240.27841,5.079583,2.27,6.2,1,0.6,0
2008/9/29,1501.738,199.432,1014,363,10677,12974.967,240.26402,4.4094443,2.27,6.2,1,0.6,0
2008/9/30,1375.006,155.092,998,360,7415,14143.767,240.58377,4.024722,2.27,6.2,1,0.6,0
2008/10/1,1872.364,181.256,2249,5800,10808,12349.066,241.1286,5.4820833,6.581999999999999,11.6,4.6,2.2,0
2008/10/2,1345.342,153.676,0,367,9060,12995.367,240.32823,3.948611,6.581999999999999,11.6,4.6,2.2,0
2008/10/3,1612.58,158.598,4801,349,9432,12294.333,239.84201,4.745694,6.581999999999999,11.6,4.6,2.2,0
2008/10/4,2100.496,216.2,3462,629,12573,18344.268,240.1744,6.1448607,6.581999999999999,11.6,4.6,2.2,0
2008/10/5,1549.95,146.296,990,3257,6071,15514.5,240.13754,4.534167,6.581999999999999,11.6,4.6,2.2,0
2008/10/6,1423.782,125.204,990,286,9562,12891.7,239.11908,4.216389,6.581999999999999,11.6,4.6,2.2,0
2008/10/7,1726.568,187.234,1016,419,9476,17865.133,238.85286,5.1661115,6.581999999999999,11.6,4.6,2.2,0
2008/10/8,1860.576,152.41,1044,5126,11650,13189.6,240.04903,5.43125,6.581999999999999,11.6,4.6,2.2,0
2008/10/9,1983.682,181.9,1032,3064,11652,17313.367,239.27544,5.812361,6.581999999999999,11.6,4.6,2.2,0
2008/10/10,1518.338,148.044,0,389,12046,12870.634,239.63486,4.4368057,6.581999999999999,11.6,4.6,2.2,0
2008/10/11,1669.386,154.848,2144,2335,11373,11971.1,239.18262,4.9059725,6.581999999999999,11.6,4.6,2.2,0
2008/10/12,1907.94,161.806,2561,5822,7171,16245,240.15154,5.6151385,6.581999999999999,11.6,4.6,2.2,0
2008/10/13,1461.976,147.894,1037,535,9483,13311.267,240.80942,4.254306,6.581999999999999,11.6,4.6,2.2,0
2008/10/14,1609.056,164.286,1177,442,9939,15259.6,239.21573,4.730139,6.581999999999999,11.6,4.6,2.2,0
2008/10/15,2156.896,168.462,1998,7042,9984,16924.268,239.50679,6.328194,6.581999999999999,11.6,4.6,2.2,0
2008/10/16,1583.68,136.84,951,429,8438,16576.666,239.26285,4.66125,6.581999999999999,11.6,4.6,2.2,0
2008/10/17,1866.886,153.522,2036,3187,9639,16252.767,240.04764,5.4758334,6.581999999999999,11.6,4.6,2.2,0
2008/10/18,2239.19,162.628,799,1655,12146,22719.834,239.83543,6.5470834,6.581999999999999,11.6,4.6,2.2,0
2008/10/19,1971.934,181.596,698,8010,4600,19557.566,240.04256,5.8052773,6.581999999999999,11.6,4.6,2.2,0
2008/10/20,1667.554,137.812,844,2648,10475,13825.566,240.43248,4.8602777,6.581999999999999,11.6,4.6,2.2,0
2008/10/21,2063.716,152.344,857,2663,11331,19544.268,239.73068,6.0808334,6.581999999999999,11.6,4.6,2.2,0
2008/10/22,1646.01,149.344,662,2542,8487,15742.5,240.81575,4.8369446,6.581999999999999,11.6,4.6,2.2,0
2008/10/23,1830.494,161.20801,815,1435,10587,17671.232,240.39905,5.3745832,6.581999999999999,11.6,4.6,2.2,0
2008/10/24,2133.226,168.014,7893,2277,10284,15099.767,240.4137,6.266945,6.581999999999999,11.6,4.6,2.2,0
2008/10/25,1523.156,111.238,737,394,13433,10821.934,240.96002,4.55476,6.581999999999999,11.6,4.6,2.2,0
2008/10/26,523.492,115.53,0,360,2013,6351.8667,242.12346,1.4991667,6.581999999999999,11.6,4.6,2.2,0
2008/10/27,523.892,128.978,0,402,1967,6362.533,242.22806,1.5091666,6.581999999999999,11.6,4.6,2.2,0
2008/10/28,1327.29,145.076,2263,362,5090,14406.5,241.3268,3.8531945,6.581999999999999,11.6,4.6,2.2,0
2008/10/29,1612.576,133.282,1037,345,4015,21479.268,241.78961,4.6043057,6.581999999999999,11.6,4.6,2.2,0
2008/10/30,1098.6,123.028,0,345,2619,15346,242.08328,3.2733333,6.581999999999999,11.6,4.6,2.2,0
2008/10/31,1285.832,104.348,0,312,10483,10635.533,241.32977,3.766389,6.581999999999999,11.6,4.6,2.2,0
2008/11/1,830.498,113.672,0,344,1939,11558.633,241.81024,2.6256945,5.578,14.2,4.2,0.2,0.4
2008/11/2,910.614,120.472,0,346,2824,12006.9,242.15575,2.864028,5.578,14.2,4.2,0.2,0.4
2008/11/3,847.6,115.248,963,347,1892,10924.667,241.76512,2.665,5.578,14.2,4.2,0.2,0.4
2008/11/4,1562.316,121.476,0,6214,4106,15718.6,240.80246,4.652361,5.578,14.2,4.2,0.2,0.4
2008/11/5,3134.93,257.82,7597,10409,8362,25880.834,239.48077,9.239167,5.578,14.2,4.2,0.2,0.4
2008/11/6,1588.438,181.468,1033,430,6734,18276.967,240.39021,4.7266665,5.578,14.2,4.2,0.2,0.4
2008/11/7,1619.184,109.988,1032,389,10421,15144.4,239.75179,4.7545834,5.578,14.2,4.2,0.2,0.4
2008/11/8,1733.138,133.168,1114,3271,6069,18431.633,239.30803,5.104722,5.578,14.2,4.2,0.2,0.4
2008/11/9,2578.538,210.946,6301,661,14348,21665.633,238.45409,7.620972,5.578,14.2,4.2,0.2,0.4
2008/11/10,2091.88,155.49,1023,355,10285,23201.666,239.65224,6.177545,5.578,14.2,4.2,0.2,0.4
2008/11/11,2455.95,128.08,2475,2288,14651,21518.5,239.8787,7.1833334,5.578,14.2,4.2,0.2,0.4
2008/11/12,2186.494,158.816,1066,2712,9430,23233.566,240.38695,6.348679,5.578,14.2,4.2,0.2,0.4
2008/11/13,1238.46,125.424,0,338,6315,13988,241.59792,3.6272223,5.578,14.2,4.2,0.2,0.4
2008/11/14,1621.738,127.894,2092,325,9929,14682.967,241.0218,4.7555556,5.578,14.2,4.2,0.2,0.4
2008/11/15,3031.628,165.16,3952,3799,15635,27141.133,238.63411,8.963195,5.578,14.2,4.2,0.2,0.4
2008/11/16,2365.432,163.13,4791,1829,8945,23858.867,240.49414,6.9190283,5.578,14.2,4.2,0.2,0.4
2008/11/17,1523.636,118.874,0,378,10590,14425.934,241.13493,4.412083,5.578,14.2,4.2,0.2,0.4
2008/11/18,1749.05,139.282,1079,369,11204,16498.834,239.90204,5.1418056,5.578,14.2,4.2,0.2,0.4
2008/11/19,1840.238,166.452,1737,3026,8704,17203.633,240.53963,5.4129167,5.578,14.2,4.2,0.2,0.4
2008/11/20,1692.336,121.192,1034,347,7732,19092.6,239.81812,4.9844446,5.578,14.2,4.2,0.2,0.4
2008/11/21,1673.93,127.554,1039,348,10396,16115.833,239.92834,4.946528,5.578,14.2,4.2,0.2,0.4
2008/11/22,1711.368,124.868004,1093,882,8320,18227.8,239.73181,5.0495834,5.578,14.2,4.2,0.2,0.4
2008/11/23,3405.324,206.944,3631,8823,10272,34029.4,239.14948,10.0511465,5.578,14.2,4.2,0.2,0.4
2008/11/24,3212.998,121.618004,1063,510,13378,38598.965,240.35948,9.285417,5.578,14.2,4.2,0.2,0.4
2008/11/25,2702.85,150.564,3010,345,10471,31221.5,240.9306,7.8238893,5.578,14.2,4.2,0.2,0.4
2008/11/26,1515.954,119.996,909,304,10002,14050.9,242.4009,4.356389,5.578,14.2,4.2,0.2,0.4
2008/11/27,2362.218,126.218,2491,330,12440,24109.3,241.44002,6.841111,5.578,14.2,4.2,0.2,0.4
2008/11/28,1885.964,128.426,1113,295,11361,18663.732,243.06651,5.409583,5.578,14.2,4.2,0.2,0.4
2008/11/29,2434.668,166.51,5268,2392,12386,20531.8,241.24075,7.0536113,5.578,14.2,4.2,0.2,0.4
2008/11/30,2401.388,170.904,1161,3481,11474,23907.133,242.37457,6.9555554,5.578,14.2,4.2,0.2,0.4
2008/12/1,1616.538,118.678,1085,309,9013,16535.3,243.44583,4.7584724,3.3240000000000003,9,1.6,0,0.2
2008/12/2,1793.444,145.908,0,304,11343,18243.732,243.37936,5.215139,3.3240000000000003,9,1.6,0,0.2
2008/12/3,1755.164,124.722,1137,302,9664,18149.732,243.38373,5.0695834,3.3240000000000003,9,1.6,0,0.2
2008/12/4,1738.638,113.99,1085,281,11314,16297.3,243.46313,5.0237503,3.3240000000000003,9,1.6,0,0.2
2008/12/5,2058.618,120.026,831,310,9852,23317.3,242.9759,5.967639,3.3240000000000003,9,1.6,0,0.2
2008/12/6,2523.836,188.144,4005,5749,9048,23261.934,241.13657,7.358333,3.3240000000000003,9,1.6,0,0.2
2008/12/7,2466.74,180.224,3294,310,13627,23881.334,242.23854,7.157361,3.3240000000000003,9,1.6,0,0.2
2008/12/8,1868.636,120.782,1117,296,13256,16474.934,243.73161,5.3831944,3.3240000000000003,9,1.6,0,0.2
2008/12/9,2003.144,132.516,1985,2553,12886,15961.733,243.55565,5.757639,3.3240000000000003,9,1.6,0,0.2
2008/12/10,2111.02,137.006,1128,4144,10889,19022.666,243.50084,6.369489,3.3240000000000003,9,1.6,0,0.2
2008/12/11,1432.522,114.916,1160,273,7979,14463.366,243.41837,4.1219444,3.3240000000000003,9,1.6,0,0.2
2008/12/12,1815.534,139.342,1157,255,12154,16692.9,243.04301,5.221667,3.3240000000000003,9,1.6,0,0.2
2008/12/13,1825.574,163.278,2186,261,9271,18708.232,241.53854,5.3218055,3.3240000000000003,9,1.6,0,0.2
2008/12/14,2002.12,164.014,3742,2497,5415,21714.666,241.6228,5.881528,3.3240000000000003,9,1.6,0,0.2
2008/12/15,1795.45,113.744,1178,252,9668,18826.166,243.0392,5.1909723,3.3240000000000003,9,1.6,0,0.2
2008/12/16,1797.09,114.598,0,253,11334,18364.5,243.8799,5.192639,3.3240000000000003,9,1.6,0,0.2
2008/12/17,2098.786,136.216,4251,284,10813,19631.768,243.31352,6.0802774,3.3240000000000003,9,1.6,0,0.2
2008/12/18,1736.94,118.07,1125,258,11293,16273,242.85907,4.9893055,3.3240000000000003,9,1.6,0,0.2
2008/12/19,1882.112,132.154,1538,296,11773,17761.533,241.86617,5.480139,3.3240000000000003,9,1.6,0,0.2
2008/12/20,2242.502,160.69,1132,6479,12819,16945.033,242.566,6.4997916,3.3240000000000003,9,1.6,0,0.2
2008/12/21,2643.61,135.072,1099,9189,14816,18956.166,241.72008,7.662639,3.3240000000000003,9,1.6,0,0.2
2008/12/22,2015.808,124.87,2157,391,10433,20615.8,241.8645,5.8570833,3.3240000000000003,9,1.6,0,0.2
2008/12/23,1798.088,151.08,2666,2115,8326,16861.133,241.77055,5.2506943,3.3240000000000003,9,1.6,0,0.2
2008/12/24,1269.6381,115.318,0,364,9981,10815.634,243.96063,3.633611,3.3240000000000003,9,1.6,0,0.2
2008/12/25,1061.118,116.882,0,285,3598,13802.3,243.23308,3.0386112,3.3240000000000003,9,1.6,0,0.2
2008/12/26,1223.732,124.222,1121,279,7796,11199.533,244.35367,3.5006945,3.3240000000000003,9,1.6,0,0.2
2008/12/27,2972.164,118.132,0,244,12209,37083.066,243.31189,8.431806,3.3240000000000003,9,1.6,0,0.2
2008/12/28,1570.642,112.248,1953,217,5291,18716.367,244.56038,4.42,3.3240000000000003,9,1.6,0,0.2
2008/12/29,555.278,91.638,0,218,2480,6556.6333,244.95476,1.578889,3.3240000000000003,9,1.6,0,0.2
2008/12/30,1195.238,113.206,0,245,7145,12530.634,244.63817,3.4018056,3.3240000000000003,9,1.6,0,0.2
2008/12/31,1964.188,129.272,2975,246,11860,17655.467,243.29662,5.687639,3.3240000000000003,9,1.6,0,0.2
